order_id,customer_id,product_id,order_date,quantity,unit_price,total_amount,payment_method,order_status
1867,181,49,2024-01-01,2,190.42,380.84,Transferencia,Completada
522,170,100,2024-01-01,1,270.08,270.08,Billetera virtual,Completada
996,108,3,2024-01-02,4,292.23,1168.92,Tarjeta de crédito,Completada
2523,365,10,2024-01-02,1,146.44,146.44,Transferencia,Completada
2673,58,72,2024-01-03,4,91.98,367.92,Billetera virtual,Completada
2809,264,86,2024-01-03,2,213.88,427.76,Tarjeta de crédito,Completada
2699,498,11,2024-01-03,3,221.91,665.73,Transferencia,Completada
2308,254,112,2024-01-03,3,79.2,237.6,Billetera virtual,Cancelada
1496,170,41,2024-01-04,1,165.53,165.53,Tarjeta de crédito,Completada
469,44,17,2024-01-04,4,111.6,446.4,Tarjeta de débito,Completada
681,9,133,2024-01-04,2,713.32,1426.64,Tarjeta de crédito,Completada
1135,307,143,2024-01-04,3,248.99,746.97,Tarjeta de crédito,Completada
2929,308,98,2024-01-04,1,265.91,265.91,Tarjeta de crédito,Completada
366,284,114,2024-01-04,4,362.33,1449.32,Tarjeta de crédito,Completada
353,214,38,2024-01-04,3,93.08,279.24,Tarjeta de débito,Completada
2676,142,39,2024-01-04,3,459.22,1377.66,Tarjeta de débito,Completada
563,7,144,2024-01-04,2,46.23,92.46,Tarjeta de crédito,Completada
1892,134,107,2024-01-05,4,241.46,965.84,Tarjeta de crédito,Completada
2418,245,71,2024-01-06,3,98.46,295.38,Transferencia,Completada
423,399,67,2024-01-06,2,17.83,35.66,Billetera virtual,Completada
2624,152,10,2024-01-06,2,146.44,292.88,Transferencia,Completada
206,386,83,2024-01-06,2,37.39,74.78,Billetera virtual,Completada
1667,166,94,2024-01-06,1,83.73,83.73,Billetera virtual,Completada
1491,11,131,2024-01-06,1,114.24,114.24,Billetera virtual,Completada
1653,169,103,2024-01-07,1,535.68,535.68,Billetera virtual,Completada
1398,196,133,2024-01-07,2,713.32,1426.64,Tarjeta de débito,Completada
2448,386,146,2024-01-07,3,183.15,549.45,Tarjeta de crédito,Completada
2259,304,75,2024-01-08,2,142.36,284.72,Tarjeta de crédito,Completada
2311,401,43,2024-01-08,3,296.19,888.57,Tarjeta de crédito,Completada
2769,173,146,2024-01-08,3,183.15,549.45,Tarjeta de débito,Completada
253,30,135,2024-01-09,1,167.67,167.67,Billetera virtual,Completada
2952,345,3,2024-01-09,4,292.23,1168.92,Tarjeta de crédito,Completada
421,291,34,2024-01-09,1,218.05,218.05,Tarjeta de débito,Completada
225,366,40,2024-01-09,2,130.98,261.96,Tarjeta de débito,Completada
826,276,69,2024-01-09,2,787.04,1574.08,Tarjeta de crédito,Completada
2220,109,149,2024-01-10,4,163.12,652.48,Tarjeta de débito,Completada
2447,240,108,2024-01-10,4,340.46,1361.84,Transferencia,Completada
1354,490,136,2024-01-10,4,355.5,1422.0,Tarjeta de crédito,Completada
758,2,143,2024-01-10,3,248.99,746.97,Tarjeta de crédito,Completada
684,494,128,2024-01-11,4,121.82,487.28,Billetera virtual,Completada
1333,76,91,2024-01-11,1,1005.99,1005.99,Tarjeta de crédito,Completada
1975,196,116,2024-01-11,4,112.36,449.44,Tarjeta de crédito,Completada
1670,432,103,2024-01-11,4,535.68,2142.72,Tarjeta de débito,Completada
1409,411,99,2024-01-12,2,530.66,1061.32,Tarjeta de débito,Completada
1411,416,89,2024-01-12,2,149.38,298.76,Transferencia,Completada
413,234,123,2024-01-12,4,78.6,314.4,Tarjeta de crédito,Completada
509,5,143,2024-01-12,1,248.99,248.99,Tarjeta de crédito,Completada
1488,407,91,2024-01-12,1,1005.99,1005.99,Tarjeta de crédito,Completada
2024,379,60,2024-01-12,1,176.61,176.61,Tarjeta de débito,Completada
640,121,116,2024-01-12,4,112.36,449.44,Tarjeta de débito,Cancelada
2157,417,101,2024-01-13,1,27.42,27.42,Tarjeta de crédito,Completada
145,433,59,2024-01-13,1,199.85,199.85,Tarjeta de crédito,Completada
2840,454,120,2024-01-13,1,206.18,206.18,Tarjeta de crédito,Completada
2454,297,73,2024-01-14,3,62.82,188.46,Transferencia,Cancelada
2142,276,143,2024-01-14,3,248.99,746.97,Tarjeta de crédito,Completada
1860,234,3,2024-01-15,1,292.23,292.23,Billetera virtual,Completada
2342,265,110,2024-01-15,1,124.7,124.7,Tarjeta de crédito,Completada
146,7,10,2024-01-15,3,146.44,439.32,Billetera virtual,Completada
950,241,14,2024-01-15,4,84.17,336.68,Tarjeta de crédito,Completada
2015,311,41,2024-01-16,2,165.53,331.06,Tarjeta de crédito,Cancelada
930,181,40,2024-01-16,3,130.98,392.94,Tarjeta de débito,Completada
2344,392,23,2024-01-16,4,824.07,3296.28,Tarjeta de crédito,Completada
2467,197,138,2024-01-16,3,10.96,32.88,Tarjeta de crédito,Completada
238,132,85,2024-01-16,1,839.71,839.71,Transferencia,Completada
2221,45,144,2024-01-16,3,46.23,138.69,Tarjeta de débito,Completada
2335,184,95,2024-01-17,4,127.07,508.28,Tarjeta de crédito,Completada
2100,166,63,2024-01-18,1,41.74,41.74,Tarjeta de crédito,Completada
2595,323,5,2024-01-18,2,320.02,640.04,Billetera virtual,Completada
163,377,64,2024-01-18,1,97.83,97.83,Tarjeta de crédito,Completada
462,190,46,2024-01-18,4,458.9,1835.6,Transferencia,Completada
2098,199,73,2024-01-19,3,62.82,188.46,Tarjeta de débito,Completada
388,141,21,2024-01-19,4,441.16,1764.64,Tarjeta de crédito,Completada
1265,134,89,2024-01-19,1,149.38,149.38,Transferencia,Completada
774,89,90,2024-01-20,1,52.39,52.39,Transferencia,Completada
2631,84,6,2024-01-20,1,134.96,134.96,Tarjeta de crédito,Completada
1330,115,140,2024-01-20,2,580.95,1161.9,Tarjeta de débito,Cancelada
569,203,142,2024-01-20,2,641.1,1282.2,Tarjeta de crédito,Completada
1043,430,70,2024-01-20,1,99.49,99.49,Transferencia,Completada
859,461,18,2024-01-21,3,213.72,641.16,Tarjeta de crédito,Completada
56,399,98,2024-01-21,2,265.91,531.82,Transferencia,Completada
1957,367,56,2024-01-21,3,1008.65,3025.95,Tarjeta de crédito,Cancelada
1555,231,114,2024-01-22,2,362.33,724.66,Tarjeta de débito,Completada
940,245,94,2024-01-22,4,83.73,334.92,Tarjeta de crédito,Completada
2864,11,45,2024-01-22,2,85.76,171.52,Tarjeta de débito,Completada
714,70,74,2024-01-23,1,650.9,650.9,Tarjeta de crédito,Completada
2129,387,120,2024-01-23,3,206.18,618.54,Tarjeta de débito,Completada
1440,56,92,2024-01-23,2,96.79,193.58,Transferencia,Completada
1876,413,16,2024-01-23,4,188.57,754.28,Tarjeta de crédito,Cancelada
2368,48,27,2024-01-23,1,53.58,53.58,Tarjeta de crédito,Completada
949,304,3,2024-01-23,2,292.23,584.46,Tarjeta de débito,Completada
1185,425,135,2024-01-23,1,167.67,167.67,Billetera virtual,Completada
2602,184,43,2024-01-24,1,296.19,296.19,Tarjeta de crédito,Completada
798,84,30,2024-01-24,3,221.66,664.98,Tarjeta de débito,Completada
1907,89,66,2024-01-24,2,256.07,512.14,Transferencia,Completada
2960,361,11,2024-01-25,3,221.91,665.73,Tarjeta de crédito,Completada
707,217,20,2024-01-25,1,110.57,110.57,Tarjeta de débito,Completada
836,245,70,2024-01-25,4,99.49,397.96,Tarjeta de débito,Completada
621,181,116,2024-01-25,1,112.36,112.36,Transferencia,Completada
1869,69,121,2024-01-25,1,58.56,58.56,Transferencia,Completada
2846,127,42,2024-01-25,1,136.43,136.43,Tarjeta de crédito,Completada
2199,412,78,2024-01-26,1,273.68,273.68,Tarjeta de débito,Completada
941,23,56,2024-01-26,4,1008.65,4034.6,Billetera virtual,Completada
202,182,82,2024-01-26,2,106.99,213.98,Tarjeta de crédito,Completada
2480,372,37,2024-01-26,1,297.6,297.6,Tarjeta de débito,Completada
2477,405,123,2024-01-27,2,78.6,157.2,Transferencia,Completada
1893,190,145,2024-01-27,3,1036.09,3108.27,Tarjeta de crédito,Completada
141,466,150,2024-01-27,1,63.38,63.38,Transferencia,Completada
2105,195,21,2024-01-27,4,441.16,1764.64,Transferencia,Completada
1583,61,102,2024-01-27,3,275.73,827.19,Tarjeta de crédito,Completada
1227,154,17,2024-01-27,4,111.6,446.4,Tarjeta de crédito,Cancelada
2856,337,87,2024-01-27,4,167.49,669.96,Tarjeta de débito,Completada
823,185,31,2024-01-27,4,72.17,288.68,Tarjeta de crédito,Completada
2440,322,87,2024-01-27,2,167.49,334.98,Tarjeta de débito,Completada
1535,285,74,2024-01-28,2,650.9,1301.8,Billetera virtual,Completada
936,189,137,2024-01-28,4,245.63,982.52,Tarjeta de crédito,Completada
2857,486,49,2024-01-28,1,190.42,190.42,Tarjeta de débito,Completada
672,441,4,2024-01-28,1,87.74,87.74,Tarjeta de crédito,Completada
716,9,85,2024-01-28,3,839.71,2519.13,Tarjeta de débito,Completada
564,185,147,2024-01-28,2,907.87,1815.74,Transferencia,Completada
2464,235,68,2024-01-29,1,109.08,109.08,Transferencia,Completada
1073,165,36,2024-01-29,4,55.34,221.36,Tarjeta de débito,Completada
1266,402,44,2024-01-29,1,85.25,85.25,Transferencia,Completada
800,117,98,2024-01-29,3,265.91,797.73,Tarjeta de crédito,Completada
507,120,16,2024-01-29,2,188.57,377.14,Tarjeta de crédito,Completada
2831,304,131,2024-01-29,1,114.24,114.24,Transferencia,Completada
2303,108,24,2024-01-29,3,231.71,695.13,Tarjeta de crédito,Completada
560,305,51,2024-01-30,2,139.26,278.52,Tarjeta de débito,Completada
1457,403,12,2024-01-30,1,20.02,20.02,Tarjeta de crédito,Completada
2549,364,115,2024-01-30,4,384.44,1537.76,Billetera virtual,Completada
1850,246,66,2024-01-30,2,256.07,512.14,Tarjeta de crédito,Completada
1729,317,52,2024-01-31,4,83.1,332.4,Tarjeta de crédito,Completada
1465,485,132,2024-01-31,1,139.77,139.77,Tarjeta de débito,Completada
2179,409,24,2024-02-01,4,231.71,926.84,Tarjeta de débito,Completada
2984,40,121,2024-02-01,1,58.56,58.56,Billetera virtual,Completada
2848,274,9,2024-02-01,1,280.94,280.94,Tarjeta de crédito,Completada
1696,488,113,2024-02-01,4,261.05,1044.2,Tarjeta de crédito,Completada
680,243,36,2024-02-01,2,55.34,110.68,Tarjeta de crédito,Completada
52,47,127,2024-02-02,3,354.42,1063.26,Tarjeta de crédito,Completada
1125,382,65,2024-02-02,2,88.86,177.72,Transferencia,Completada
2816,266,112,2024-02-02,2,79.2,158.4,Tarjeta de crédito,Completada
2394,188,53,2024-02-03,3,317.15,951.45,Tarjeta de crédito,Completada
1614,138,77,2024-02-03,2,36.9,73.8,Billetera virtual,Completada
94,394,15,2024-02-03,1,75.43,75.43,Transferencia,Completada
530,90,27,2024-02-03,4,53.58,214.32,Tarjeta de crédito,Completada
2829,197,72,2024-02-04,4,91.98,367.92,Billetera virtual,Completada
1263,69,149,2024-02-04,4,163.12,652.48,Tarjeta de débito,Completada
2376,148,134,2024-02-04,4,24.19,96.76,Transferencia,Completada
1041,57,142,2024-02-05,3,641.1,1923.3,Transferencia,Completada
306,274,71,2024-02-06,4,98.46,393.84,Tarjeta de crédito,Completada
1650,93,82,2024-02-08,3,106.99,320.97,Tarjeta de crédito,Completada
1870,35,46,2024-02-08,3,458.9,1376.7,Billetera virtual,Completada
2583,69,131,2024-02-08,1,114.24,114.24,Transferencia,Completada
1237,249,1,2024-02-08,3,11.53,34.59,Tarjeta de débito,Completada
1891,327,98,2024-02-08,4,265.91,1063.64,Tarjeta de crédito,Completada
1643,187,101,2024-02-09,3,27.42,82.26,Transferencia,Completada
456,479,132,2024-02-09,2,139.77,279.54,Billetera virtual,Cancelada
888,330,36,2024-02-09,2,55.34,110.68,Tarjeta de débito,Completada
2414,494,81,2024-02-09,2,1144.0,2288.0,Transferencia,Completada
69,1,97,2024-02-09,4,578.69,2314.76,Tarjeta de crédito,Completada
2741,456,43,2024-02-10,2,296.19,592.38,Transferencia,Completada
191,130,150,2024-02-12,2,63.38,126.76,Transferencia,Completada
570,191,78,2024-02-12,4,273.68,1094.72,Tarjeta de débito,Completada
2961,303,83,2024-02-12,3,37.39,112.17,Billetera virtual,Completada
1363,399,56,2024-02-12,1,1008.65,1008.65,Tarjeta de crédito,Completada
1875,466,147,2024-02-13,3,907.87,2723.61,Tarjeta de crédito,Completada
43,113,64,2024-02-14,2,97.83,195.66,Billetera virtual,Completada
1276,311,135,2024-02-14,1,167.67,167.67,Tarjeta de crédito,Completada
1120,416,16,2024-02-14,1,188.57,188.57,Tarjeta de crédito,Completada
292,172,61,2024-02-14,4,52.25,209.0,Transferencia,Completada
743,69,59,2024-02-15,1,199.85,199.85,Tarjeta de débito,Cancelada
1180,191,47,2024-02-15,4,63.67,254.68,Tarjeta de crédito,Completada
514,437,123,2024-02-16,2,78.6,157.2,Tarjeta de crédito,Completada
108,202,88,2024-02-16,3,53.48,160.44,Tarjeta de crédito,Completada
687,288,119,2024-02-16,1,350.27,350.27,Billetera virtual,Completada
543,27,138,2024-02-17,2,10.96,21.92,Tarjeta de crédito,Completada
897,197,134,2024-02-17,4,24.19,96.76,Tarjeta de crédito,Completada
358,325,2,2024-02-17,2,148.77,297.54,Tarjeta de débito,Completada
411,345,123,2024-02-17,1,78.6,78.6,Transferencia,Completada
1685,133,83,2024-02-18,4,37.39,149.56,Transferencia,Completada
516,30,107,2024-02-19,3,241.46,724.38,Tarjeta de crédito,Completada
1993,101,83,2024-02-19,2,37.39,74.78,Transferencia,Completada
869,375,126,2024-02-20,4,130.81,523.24,Transferencia,Completada
1938,442,52,2024-02-20,3,83.1,249.3,Tarjeta de débito,Completada
319,456,115,2024-02-20,2,384.44,768.88,Tarjeta de crédito,Completada
416,196,113,2024-02-20,4,261.05,1044.2,Transferencia,Completada
1633,396,13,2024-02-20,2,218.14,436.28,Tarjeta de débito,Completada
1586,120,10,2024-02-20,4,146.44,585.76,Tarjeta de crédito,Completada
2658,248,60,2024-02-21,1,176.61,176.61,Tarjeta de débito,Completada
1968,409,118,2024-02-21,4,34.12,136.48,Tarjeta de débito,Completada
961,419,46,2024-02-21,3,458.9,1376.7,Tarjeta de débito,Completada
405,127,31,2024-02-21,4,72.17,288.68,Billetera virtual,Completada
1026,125,122,2024-02-21,3,140.01,420.03,Billetera virtual,Cancelada
1894,455,91,2024-02-21,1,1005.99,1005.99,Billetera virtual,Completada
2805,425,146,2024-02-21,2,183.15,366.3,Tarjeta de débito,Completada
1953,1,84,2024-02-21,4,114.71,458.84,Tarjeta de débito,Completada
683,382,140,2024-02-22,1,580.95,580.95,Tarjeta de crédito,Completada
1655,204,117,2024-02-22,1,553.19,553.19,Billetera virtual,Completada
1473,498,127,2024-02-23,4,354.42,1417.68,Transferencia,Completada
1804,289,50,2024-02-23,1,169.82,169.82,Transferencia,Completada
1595,32,109,2024-02-23,2,34.85,69.7,Tarjeta de débito,Completada
2889,309,78,2024-02-24,1,273.68,273.68,Transferencia,Completada
916,305,48,2024-02-25,2,97.9,195.8,Tarjeta de débito,Completada
2444,461,70,2024-02-25,3,99.49,298.47,Tarjeta de débito,Completada
109,148,86,2024-02-25,1,213.88,213.88,Tarjeta de crédito,Completada
1881,283,86,2024-02-26,2,213.88,427.76,Tarjeta de crédito,Completada
2718,59,133,2024-02-26,2,713.32,1426.64,Billetera virtual,Completada
1413,31,30,2024-02-26,1,221.66,221.66,Tarjeta de débito,Cancelada
541,266,97,2024-02-26,4,578.69,2314.76,Tarjeta de crédito,Cancelada
2878,179,143,2024-02-27,3,248.99,746.97,Tarjeta de crédito,Completada
1432,372,19,2024-02-27,1,92.82,92.82,Tarjeta de crédito,Completada
1453,455,24,2024-02-27,4,231.71,926.84,Tarjeta de crédito,Completada
326,214,45,2024-02-28,4,85.76,343.04,Tarjeta de crédito,Completada
1277,376,86,2024-02-28,1,213.88,213.88,Tarjeta de crédito,Completada
2926,121,21,2024-02-28,2,441.16,882.32,Billetera virtual,Completada
986,413,46,2024-02-29,4,458.9,1835.6,Tarjeta de crédito,Completada
2117,219,76,2024-02-29,1,111.18,111.18,Tarjeta de crédito,Completada
1487,342,115,2024-02-29,4,384.44,1537.76,Tarjeta de crédito,Completada
2149,318,2,2024-02-29,4,148.77,595.08,Tarjeta de crédito,Completada
2851,466,25,2024-03-01,4,76.75,307.0,Billetera virtual,Completada
2603,185,74,2024-03-01,4,650.9,2603.6,Tarjeta de débito,Completada
1745,181,21,2024-03-01,4,441.16,1764.64,Tarjeta de crédito,Completada
740,496,38,2024-03-02,4,93.08,372.32,Tarjeta de crédito,Completada
449,401,77,2024-03-02,3,36.9,110.7,Tarjeta de débito,Completada
320,2,122,2024-03-02,1,140.01,140.01,Billetera virtual,Completada
2536,382,129,2024-03-02,4,128.49,513.96,Billetera virtual,Completada
1344,283,93,2024-03-02,1,260.51,260.51,Tarjeta de crédito,Completada
2056,463,104,2024-03-03,4,85.81,343.24,Transferencia,Cancelada
1966,357,8,2024-03-03,3,129.5,388.5,Billetera virtual,Completada
223,228,101,2024-03-03,1,27.42,27.42,Tarjeta de crédito,Completada
755,207,28,2024-03-03,2,170.65,341.3,Billetera virtual,Completada
601,490,71,2024-03-03,4,98.46,393.84,Tarjeta de crédito,Completada
2392,351,147,2024-03-04,1,907.87,907.87,Billetera virtual,Completada
2435,279,130,2024-03-04,2,68.82,137.64,Billetera virtual,Completada
2938,244,126,2024-03-04,1,130.81,130.81,Transferencia,Completada
2982,474,124,2024-03-04,1,37.77,37.77,Transferencia,Completada
1269,147,10,2024-03-04,1,146.44,146.44,Tarjeta de crédito,Completada
424,408,91,2024-03-04,2,1005.99,2011.98,Tarjeta de crédito,Completada
1123,350,146,2024-03-04,3,183.15,549.45,Tarjeta de crédito,Completada
675,423,18,2024-03-05,1,213.72,213.72,Tarjeta de crédito,Completada
2531,334,114,2024-03-05,3,362.33,1086.99,Billetera virtual,Completada
1701,291,25,2024-03-05,3,76.75,230.25,Tarjeta de débito,Completada
1360,500,72,2024-03-05,2,91.98,183.96,Tarjeta de crédito,Completada
1334,272,33,2024-03-06,3,193.34,580.02,Tarjeta de crédito,Completada
717,268,75,2024-03-06,3,142.36,427.08,Transferencia,Completada
2169,177,28,2024-03-07,2,170.65,341.3,Tarjeta de crédito,Completada
1605,76,101,2024-03-07,3,27.42,82.26,Transferencia,Completada
1243,138,26,2024-03-07,2,171.04,342.08,Tarjeta de crédito,Completada
2835,270,55,2024-03-07,1,844.98,844.98,Tarjeta de crédito,Completada
339,265,130,2024-03-07,2,68.82,137.64,Tarjeta de crédito,Cancelada
959,74,132,2024-03-08,1,139.77,139.77,Transferencia,Completada
2706,131,45,2024-03-08,1,85.76,85.76,Billetera virtual,Completada
18,375,115,2024-03-08,1,384.44,384.44,Tarjeta de crédito,Completada
2664,3,146,2024-03-08,2,183.15,366.3,Billetera virtual,Completada
766,330,6,2024-03-08,2,134.96,269.92,Billetera virtual,Completada
1254,248,33,2024-03-08,1,193.34,193.34,Tarjeta de débito,Completada
710,427,22,2024-03-09,3,383.43,1150.29,Tarjeta de débito,Completada
157,328,117,2024-03-09,1,553.19,553.19,Billetera virtual,Completada
589,353,103,2024-03-09,3,535.68,1607.04,Tarjeta de crédito,Completada
1593,142,77,2024-03-09,1,36.9,36.9,Transferencia,Completada
1672,355,5,2024-03-10,4,320.02,1280.08,Tarjeta de crédito,Completada
1823,274,126,2024-03-10,4,130.81,523.24,Tarjeta de crédito,Completada
1577,245,94,2024-03-10,3,83.73,251.19,Tarjeta de débito,Completada
604,328,69,2024-03-10,1,787.04,787.04,Tarjeta de crédito,Completada
2236,299,93,2024-03-11,1,260.51,260.51,Tarjeta de crédito,Completada
419,145,112,2024-03-11,4,79.2,316.8,Tarjeta de crédito,Completada
1787,435,19,2024-03-11,1,92.82,92.82,Tarjeta de crédito,Completada
1549,386,93,2024-03-11,3,260.51,781.53,Tarjeta de débito,Completada
545,85,120,2024-03-11,4,206.18,824.72,Tarjeta de débito,Completada
1947,264,135,2024-03-12,1,167.67,167.67,Tarjeta de crédito,Completada
500,142,130,2024-03-12,3,68.82,206.46,Tarjeta de crédito,Completada
1877,24,58,2024-03-13,2,112.95,225.9,Tarjeta de crédito,Completada
637,459,126,2024-03-13,2,130.81,261.62,Tarjeta de crédito,Completada
287,301,73,2024-03-13,1,62.82,62.82,Tarjeta de crédito,Completada
2492,110,35,2024-03-13,2,840.54,1681.08,Billetera virtual,Completada
882,249,48,2024-03-14,3,97.9,293.7,Tarjeta de crédito,Completada
1401,261,22,2024-03-14,3,383.43,1150.29,Transferencia,Cancelada
260,260,17,2024-03-14,3,111.6,334.8,Tarjeta de crédito,Completada
709,399,33,2024-03-15,1,193.34,193.34,Billetera virtual,Completada
927,389,111,2024-03-15,3,312.56,937.68,Tarjeta de débito,Completada
17,185,38,2024-03-16,1,93.08,93.08,Tarjeta de débito,Completada
2287,93,102,2024-03-16,1,275.73,275.73,Transferencia,Completada
790,432,112,2024-03-16,1,79.2,79.2,Tarjeta de crédito,Completada
2865,45,70,2024-03-16,1,99.49,99.49,Tarjeta de crédito,Cancelada
705,252,49,2024-03-17,1,190.42,190.42,Transferencia,Completada
1935,334,139,2024-03-17,3,75.42,226.26,Tarjeta de débito,Completada
1619,159,33,2024-03-18,4,193.34,773.36,Tarjeta de débito,Completada
1955,161,97,2024-03-18,4,578.69,2314.76,Tarjeta de crédito,Completada
1799,412,86,2024-03-18,4,213.88,855.52,Billetera virtual,Completada
2808,448,12,2024-03-19,2,20.02,40.04,Tarjeta de crédito,Completada
1438,152,18,2024-03-19,1,213.72,213.72,Transferencia,Completada
2400,495,36,2024-03-19,2,55.34,110.68,Tarjeta de crédito,Completada
2349,200,2,2024-03-19,3,148.77,446.31,Tarjeta de crédito,Completada
2751,106,114,2024-03-19,1,362.33,362.33,Billetera virtual,Completada
602,416,8,2024-03-20,4,129.5,518.0,Tarjeta de crédito,Cancelada
166,492,90,2024-03-20,1,52.39,52.39,Billetera virtual,Cancelada
63,402,149,2024-03-20,4,163.12,652.48,Tarjeta de débito,Completada
325,225,67,2024-03-21,2,17.83,35.66,Tarjeta de crédito,Completada
866,392,15,2024-03-21,2,75.43,150.86,Tarjeta de crédito,Completada
2390,385,94,2024-03-21,4,83.73,334.92,Transferencia,Completada
1031,270,44,2024-03-21,1,85.25,85.25,Billetera virtual,Completada
1335,358,16,2024-03-22,3,188.57,565.71,Tarjeta de débito,Completada
1613,35,76,2024-03-22,3,111.18,333.54,Tarjeta de crédito,Completada
1502,28,35,2024-03-22,3,840.54,2521.62,Tarjeta de crédito,Completada
1965,419,60,2024-03-23,3,176.61,529.83,Tarjeta de crédito,Completada
2296,223,9,2024-03-23,2,280.94,561.88,Tarjeta de crédito,Completada
349,223,14,2024-03-23,1,84.17,84.17,Tarjeta de crédito,Completada
2416,297,94,2024-03-23,3,83.73,251.19,Billetera virtual,Completada
1186,439,127,2024-03-24,4,354.42,1417.68,Tarjeta de crédito,Completada
655,48,26,2024-03-24,2,171.04,342.08,Tarjeta de débito,Completada
429,291,50,2024-03-24,2,169.82,339.64,Tarjeta de crédito,Completada
799,152,9,2024-03-25,3,280.94,842.82,Tarjeta de débito,Completada
2232,261,124,2024-03-25,4,37.77,151.08,Tarjeta de crédito,Completada
16,82,13,2024-03-26,1,218.14,218.14,Billetera virtual,Completada
2153,495,90,2024-03-26,1,52.39,52.39,Tarjeta de crédito,Completada
46,213,115,2024-03-27,2,384.44,768.88,Tarjeta de crédito,Completada
1759,120,39,2024-03-27,1,459.22,459.22,Tarjeta de crédito,Completada
2646,126,38,2024-03-27,3,93.08,279.24,Billetera virtual,Completada
2192,245,146,2024-03-27,1,183.15,183.15,Billetera virtual,Completada
2811,141,39,2024-03-28,4,459.22,1836.88,Tarjeta de crédito,Completada
1504,25,113,2024-03-28,2,261.05,522.1,Tarjeta de crédito,Completada
208,425,141,2024-03-29,3,608.51,1825.53,Billetera virtual,Completada
665,361,31,2024-03-29,3,72.17,216.51,Tarjeta de débito,Completada
2702,83,140,2024-03-30,4,580.95,2323.8,Tarjeta de crédito,Completada
1016,219,133,2024-03-31,4,713.32,2853.28,Tarjeta de crédito,Completada
2855,81,111,2024-03-31,3,312.56,937.68,Tarjeta de débito,Completada
2383,40,62,2024-04-01,3,127.13,381.39,Tarjeta de débito,Completada
235,208,62,2024-04-01,3,127.13,381.39,Billetera virtual,Completada
168,54,112,2024-04-02,2,79.2,158.4,Tarjeta de débito,Completada
1925,343,42,2024-04-02,2,136.43,272.86,Transferencia,Completada
2861,298,146,2024-04-02,4,183.15,732.6,Transferencia,Completada
2832,438,8,2024-04-02,4,129.5,518.0,Tarjeta de débito,Completada
2133,345,7,2024-04-03,3,44.62,133.86,Tarjeta de crédito,Completada
2197,37,62,2024-04-03,3,127.13,381.39,Tarjeta de crédito,Completada
275,179,114,2024-04-03,1,362.33,362.33,Tarjeta de débito,Completada
1219,229,102,2024-04-03,1,275.73,275.73,Tarjeta de crédito,Completada
1134,18,35,2024-04-04,4,840.54,3362.16,Tarjeta de crédito,Completada
445,175,99,2024-04-04,2,530.66,1061.32,Tarjeta de crédito,Completada
363,191,15,2024-04-04,2,75.43,150.86,Tarjeta de débito,Completada
80,389,1,2024-04-04,2,11.53,23.06,Tarjeta de crédito,Completada
1622,102,88,2024-04-04,4,53.48,213.92,Tarjeta de crédito,Completada
1000,240,17,2024-04-04,3,111.6,334.8,Billetera virtual,Completada
1623,148,41,2024-04-04,1,165.53,165.53,Tarjeta de crédito,Completada
1442,319,53,2024-04-04,3,317.15,951.45,Billetera virtual,Completada
2148,456,91,2024-04-04,2,1005.99,2011.98,Transferencia,Completada
492,4,118,2024-04-04,4,34.12,136.48,Transferencia,Completada
2442,448,10,2024-04-05,3,146.44,439.32,Tarjeta de débito,Completada
229,258,88,2024-04-05,4,53.48,213.92,Tarjeta de débito,Completada
1410,117,99,2024-04-05,4,530.66,2122.64,Tarjeta de crédito,Completada
641,264,18,2024-04-06,1,213.72,213.72,Tarjeta de crédito,Completada
2060,164,108,2024-04-06,2,340.46,680.92,Tarjeta de crédito,Completada
718,399,127,2024-04-06,2,354.42,708.84,Tarjeta de crédito,Completada
635,264,52,2024-04-06,4,83.1,332.4,Tarjeta de crédito,Completada
654,32,87,2024-04-06,3,167.49,502.47,Tarjeta de crédito,Completada
1617,164,86,2024-04-06,4,213.88,855.52,Tarjeta de crédito,Cancelada
2130,33,141,2024-04-06,1,608.51,608.51,Tarjeta de débito,Completada
1538,121,78,2024-04-07,4,273.68,1094.72,Tarjeta de crédito,Completada
1658,33,6,2024-04-07,2,134.96,269.92,Tarjeta de crédito,Completada
2761,235,92,2024-04-07,1,96.79,96.79,Tarjeta de crédito,Completada
1936,461,120,2024-04-07,1,206.18,206.18,Tarjeta de crédito,Completada
14,454,125,2024-04-08,2,116.4,232.8,Billetera virtual,Completada
1735,165,111,2024-04-08,1,312.56,312.56,Tarjeta de débito,Completada
820,330,7,2024-04-08,2,44.62,89.24,Tarjeta de crédito,Completada
2948,11,133,2024-04-08,3,713.32,2139.96,Tarjeta de crédito,Completada
1771,317,124,2024-04-09,2,37.77,75.54,Tarjeta de crédito,Completada
735,299,35,2024-04-09,1,840.54,840.54,Transferencia,Completada
1423,75,98,2024-04-10,3,265.91,797.73,Billetera virtual,Completada
854,487,89,2024-04-10,4,149.38,597.52,Transferencia,Completada
1576,258,87,2024-04-11,1,167.49,167.49,Billetera virtual,Completada
625,4,120,2024-04-11,2,206.18,412.36,Tarjeta de crédito,Completada
401,30,109,2024-04-11,3,34.85,104.55,Transferencia,Completada
2907,67,48,2024-04-12,1,97.9,97.9,Tarjeta de débito,Completada
301,250,62,2024-04-12,3,127.13,381.39,Billetera virtual,Completada
1096,119,82,2024-04-12,3,106.99,320.97,Billetera virtual,Completada
1102,142,69,2024-04-12,4,787.04,3148.16,Tarjeta de crédito,Completada
2486,145,53,2024-04-12,4,317.15,1268.6,Tarjeta de crédito,Completada
351,313,119,2024-04-13,2,350.27,700.54,Tarjeta de crédito,Completada
2557,346,137,2024-04-13,3,245.63,736.89,Billetera virtual,Completada
2455,177,140,2024-04-13,2,580.95,1161.9,Tarjeta de crédito,Completada
702,58,67,2024-04-13,3,17.83,53.49,Tarjeta de crédito,Completada
762,446,47,2024-04-13,4,63.67,254.68,Tarjeta de crédito,Completada
2972,210,11,2024-04-13,2,221.91,443.82,Tarjeta de crédito,Completada
1508,253,94,2024-04-14,1,83.73,83.73,Tarjeta de crédito,Completada
2979,173,52,2024-04-14,2,83.1,166.2,Tarjeta de crédito,Completada
410,77,65,2024-04-14,1,88.86,88.86,Tarjeta de crédito,Completada
1541,2,12,2024-04-14,3,20.02,60.06,Tarjeta de débito,Completada
1634,261,121,2024-04-14,4,58.56,234.24,Billetera virtual,Completada
851,30,144,2024-04-14,1,46.23,46.23,Tarjeta de débito,Completada
1142,60,135,2024-04-14,2,167.67,335.34,Tarjeta de débito,Completada
539,297,108,2024-04-14,3,340.46,1021.38,Tarjeta de débito,Completada
1173,59,14,2024-04-14,3,84.17,252.51,Tarjeta de crédito,Completada
1637,208,87,2024-04-15,4,167.49,669.96,Tarjeta de débito,Completada
576,247,131,2024-04-15,1,114.24,114.24,Tarjeta de débito,Completada
2459,145,141,2024-04-16,2,608.51,1217.02,Transferencia,Completada
1434,125,16,2024-04-16,3,188.57,565.71,Tarjeta de débito,Completada
2567,318,50,2024-04-16,2,169.82,339.64,Tarjeta de crédito,Completada
574,79,129,2024-04-16,4,128.49,513.96,Transferencia,Completada
169,474,134,2024-04-16,3,24.19,72.57,Tarjeta de crédito,Completada
256,60,132,2024-04-16,2,139.77,279.54,Tarjeta de débito,Completada
518,475,39,2024-04-17,1,459.22,459.22,Tarjeta de débito,Completada
1069,105,89,2024-04-17,4,149.38,597.52,Tarjeta de crédito,Completada
2061,358,15,2024-04-17,2,75.43,150.86,Tarjeta de crédito,Completada
1165,315,8,2024-04-17,1,129.5,129.5,Tarjeta de débito,Completada
1814,30,26,2024-04-18,2,171.04,342.08,Tarjeta de crédito,Completada
1300,166,125,2024-04-18,1,116.4,116.4,Transferencia,Completada
2654,165,143,2024-04-19,4,248.99,995.96,Tarjeta de débito,Completada
361,250,53,2024-04-19,1,317.15,317.15,Billetera virtual,Completada
1357,105,70,2024-04-20,3,99.49,298.47,Tarjeta de crédito,Completada
2650,39,27,2024-04-20,1,53.58,53.58,Billetera virtual,Completada
473,175,85,2024-04-20,3,839.71,2519.13,Tarjeta de crédito,Completada
2022,456,88,2024-04-21,2,53.48,106.96,Tarjeta de débito,Completada
1688,427,61,2024-04-21,3,52.25,156.75,Billetera virtual,Completada
196,212,20,2024-04-21,1,110.57,110.57,Billetera virtual,Completada
1978,92,42,2024-04-21,2,136.43,272.86,Tarjeta de débito,Completada
902,56,1,2024-04-22,3,11.53,34.59,Tarjeta de débito,Completada
2240,71,14,2024-04-22,3,84.17,252.51,Tarjeta de débito,Completada
1400,432,7,2024-04-22,2,44.62,89.24,Tarjeta de débito,Completada
243,97,85,2024-04-22,3,839.71,2519.13,Transferencia,Completada
5,170,107,2024-04-22,3,241.46,724.38,Tarjeta de débito,Completada
1506,448,14,2024-04-23,3,84.17,252.51,Tarjeta de crédito,Completada
2739,442,109,2024-04-24,2,34.85,69.7,Tarjeta de crédito,Completada
1416,480,80,2024-04-24,1,79.9,79.9,Tarjeta de débito,Completada
1630,214,105,2024-04-25,2,61.73,123.46,Tarjeta de crédito,Completada
1203,289,80,2024-04-25,3,79.9,239.7,Tarjeta de crédito,Completada
2789,131,66,2024-04-25,3,256.07,768.21,Tarjeta de crédito,Completada
2058,59,7,2024-04-25,2,44.62,89.24,Tarjeta de débito,Completada
2903,346,86,2024-04-26,4,213.88,855.52,Tarjeta de débito,Completada
2055,234,123,2024-04-26,1,78.6,78.6,Tarjeta de crédito,Completada
711,322,42,2024-04-26,2,136.43,272.86,Transferencia,Cancelada
2612,8,49,2024-04-26,4,190.42,761.68,Tarjeta de débito,Completada
1158,283,64,2024-04-26,2,97.83,195.66,Tarjeta de crédito,Completada
942,218,110,2024-04-26,4,124.7,498.8,Transferencia,Completada
474,448,75,2024-04-26,2,142.36,284.72,Tarjeta de crédito,Completada
1767,10,32,2024-04-27,3,50.69,152.07,Billetera virtual,Completada
1063,41,24,2024-04-27,1,231.71,231.71,Billetera virtual,Completada
296,354,34,2024-04-27,3,218.05,654.15,Tarjeta de crédito,Completada
2978,236,93,2024-04-27,2,260.51,521.02,Billetera virtual,Completada
2228,212,65,2024-04-27,2,88.86,177.72,Transferencia,Completada
207,141,87,2024-04-27,2,167.49,334.98,Billetera virtual,Cancelada
155,241,13,2024-04-28,2,218.14,436.28,Billetera virtual,Completada
1045,76,145,2024-04-29,2,1036.09,2072.18,Billetera virtual,Completada
1905,434,10,2024-04-29,4,146.44,585.76,Billetera virtual,Completada
639,288,60,2024-04-29,1,176.61,176.61,Tarjeta de crédito,Completada
402,281,120,2024-04-30,2,206.18,412.36,Transferencia,Completada
1356,13,52,2024-04-30,4,83.1,332.4,Tarjeta de crédito,Completada
1296,86,22,2024-04-30,2,383.43,766.86,Billetera virtual,Completada
51,11,147,2024-04-30,4,907.87,3631.48,Tarjeta de crédito,Completada
523,460,49,2024-04-30,1,190.42,190.42,Tarjeta de débito,Completada
2561,285,22,2024-05-01,3,383.43,1150.29,Transferencia,Completada
2110,40,78,2024-05-01,4,273.68,1094.72,Tarjeta de débito,Completada
1937,199,117,2024-05-01,3,553.19,1659.57,Tarjeta de crédito,Completada
633,485,96,2024-05-02,2,89.93,179.86,Transferencia,Completada
1317,29,15,2024-05-02,3,75.43,226.29,Transferencia,Completada
1794,17,28,2024-05-02,3,170.65,511.95,Transferencia,Completada
443,360,3,2024-05-03,2,292.23,584.46,Tarjeta de crédito,Completada
2337,390,16,2024-05-03,2,188.57,377.14,Tarjeta de débito,Completada
232,259,16,2024-05-03,1,188.57,188.57,Tarjeta de crédito,Completada
2171,460,84,2024-05-03,1,114.71,114.71,Tarjeta de crédito,Completada
2934,266,148,2024-05-04,4,273.49,1093.96,Billetera virtual,Completada
2556,422,96,2024-05-04,1,89.93,89.93,Tarjeta de crédito,Completada
1239,268,53,2024-05-04,1,317.15,317.15,Billetera virtual,Completada
2086,178,99,2024-05-04,3,530.66,1591.98,Transferencia,Completada
1865,6,60,2024-05-05,1,176.61,176.61,Tarjeta de débito,Completada
2095,338,68,2024-05-05,2,109.08,218.16,Billetera virtual,Completada
1693,50,139,2024-05-05,4,75.42,301.68,Tarjeta de crédito,Completada
1025,129,135,2024-05-05,2,167.67,335.34,Tarjeta de débito,Completada
553,31,12,2024-05-06,2,20.02,40.04,Billetera virtual,Completada
2577,33,47,2024-05-06,3,63.67,191.01,Billetera virtual,Completada
2301,359,131,2024-05-06,2,114.24,228.48,Tarjeta de crédito,Completada
695,199,132,2024-05-06,2,139.77,279.54,Tarjeta de crédito,Completada
511,454,42,2024-05-06,4,136.43,545.72,Tarjeta de crédito,Completada
1786,323,146,2024-05-07,4,183.15,732.6,Tarjeta de crédito,Completada
607,308,134,2024-05-07,3,24.19,72.57,Tarjeta de crédito,Completada
808,62,101,2024-05-07,4,27.42,109.68,Tarjeta de débito,Completada
350,108,98,2024-05-07,1,265.91,265.91,Tarjeta de crédito,Completada
1949,54,100,2024-05-07,2,270.08,540.16,Transferencia,Completada
1569,361,65,2024-05-07,4,88.86,355.44,Transferencia,Completada
378,258,26,2024-05-08,4,171.04,684.16,Tarjeta de crédito,Completada
1985,100,39,2024-05-08,3,459.22,1377.66,Tarjeta de crédito,Completada
1601,175,108,2024-05-09,3,340.46,1021.38,Billetera virtual,Completada
2317,49,12,2024-05-09,1,20.02,20.02,Billetera virtual,Completada
2737,397,11,2024-05-09,3,221.91,665.73,Transferencia,Cancelada
2063,473,33,2024-05-09,4,193.34,773.36,Tarjeta de débito,Completada
1560,132,54,2024-05-09,4,159.61,638.44,Tarjeta de crédito,Completada
1805,290,33,2024-05-10,3,193.34,580.02,Billetera virtual,Completada
1751,441,62,2024-05-10,1,127.13,127.13,Billetera virtual,Completada
1093,55,48,2024-05-11,2,97.9,195.8,Transferencia,Completada
911,473,150,2024-05-11,2,63.38,126.76,Transferencia,Completada
1676,111,64,2024-05-11,3,97.83,293.49,Tarjeta de débito,Completada
699,127,109,2024-05-11,3,34.85,104.55,Tarjeta de crédito,Completada
2312,63,93,2024-05-11,1,260.51,260.51,Tarjeta de crédito,Completada
2619,391,125,2024-05-12,4,116.4,465.6,Billetera virtual,Completada
1778,187,34,2024-05-12,3,218.05,654.15,Billetera virtual,Completada
1749,170,63,2024-05-12,1,41.74,41.74,Tarjeta de crédito,Completada
409,392,90,2024-05-12,3,52.39,157.17,Tarjeta de crédito,Completada
2501,196,103,2024-05-13,2,535.68,1071.36,Tarjeta de crédito,Completada
270,454,14,2024-05-13,4,84.17,336.68,Tarjeta de débito,Completada
2842,16,143,2024-05-14,4,248.99,995.96,Billetera virtual,Completada
1283,413,50,2024-05-14,3,169.82,509.46,Tarjeta de crédito,Completada
1085,291,46,2024-05-14,3,458.9,1376.7,Tarjeta de débito,Completada
1755,490,21,2024-05-14,4,441.16,1764.64,Tarjeta de crédito,Completada
2168,441,40,2024-05-14,3,130.98,392.94,Billetera virtual,Completada
1244,243,19,2024-05-14,4,92.82,371.28,Tarjeta de débito,Completada
368,461,106,2024-05-14,3,923.88,2771.64,Tarjeta de crédito,Completada
1684,107,85,2024-05-14,3,839.71,2519.13,Tarjeta de crédito,Completada
1597,275,78,2024-05-15,2,273.68,547.36,Tarjeta de crédito,Completada
2820,112,103,2024-05-15,3,535.68,1607.04,Tarjeta de débito,Completada
527,266,128,2024-05-15,3,121.82,365.46,Billetera virtual,Completada
2788,485,37,2024-05-15,1,297.6,297.6,Tarjeta de débito,Cancelada
778,357,48,2024-05-16,2,97.9,195.8,Tarjeta de débito,Completada
1809,358,129,2024-05-16,3,128.49,385.47,Transferencia,Completada
2243,195,133,2024-05-16,3,713.32,2139.96,Tarjeta de crédito,Completada
2345,129,108,2024-05-16,4,340.46,1361.84,Tarjeta de crédito,Completada
2067,61,98,2024-05-16,4,265.91,1063.64,Transferencia,Cancelada
546,48,62,2024-05-17,4,127.13,508.52,Tarjeta de crédito,Completada
785,456,120,2024-05-17,1,206.18,206.18,Tarjeta de crédito,Cancelada
245,195,143,2024-05-17,4,248.99,995.96,Tarjeta de débito,Completada
689,24,137,2024-05-17,2,245.63,491.26,Transferencia,Completada
1329,258,148,2024-05-17,2,273.49,546.98,Tarjeta de débito,Completada
1631,190,28,2024-05-17,3,170.65,511.95,Billetera virtual,Completada
924,255,116,2024-05-17,4,112.36,449.44,Tarjeta de crédito,Completada
1969,172,19,2024-05-19,1,92.82,92.82,Tarjeta de débito,Completada
712,315,120,2024-05-19,3,206.18,618.54,Tarjeta de crédito,Completada
487,174,27,2024-05-19,3,53.58,160.74,Billetera virtual,Completada
489,342,73,2024-05-20,4,62.82,251.28,Tarjeta de débito,Completada
789,250,17,2024-05-20,2,111.6,223.2,Tarjeta de débito,Completada
1706,402,134,2024-05-21,2,24.19,48.38,Tarjeta de crédito,Completada
679,417,146,2024-05-22,3,183.15,549.45,Tarjeta de débito,Completada
156,181,26,2024-05-22,1,171.04,171.04,Tarjeta de débito,Completada
455,350,6,2024-05-22,2,134.96,269.92,Tarjeta de crédito,Completada
629,448,147,2024-05-22,2,907.87,1815.74,Tarjeta de débito,Completada
2683,354,111,2024-05-22,3,312.56,937.68,Transferencia,Completada
2635,478,141,2024-05-23,3,608.51,1825.53,Tarjeta de crédito,Completada
1640,327,44,2024-05-23,2,85.25,170.5,Tarjeta de crédito,Completada
2826,43,139,2024-05-23,4,75.42,301.68,Billetera virtual,Completada
250,27,26,2024-05-23,2,171.04,342.08,Tarjeta de crédito,Completada
2210,5,15,2024-05-24,3,75.43,226.29,Tarjeta de crédito,Completada
395,142,12,2024-05-24,4,20.02,80.08,Billetera virtual,Completada
2237,90,74,2024-05-24,1,650.9,650.9,Tarjeta de débito,Completada
125,217,135,2024-05-25,1,167.67,167.67,Billetera virtual,Completada
989,473,32,2024-05-25,1,50.69,50.69,Tarjeta de débito,Completada
947,2,127,2024-05-25,3,354.42,1063.26,Tarjeta de débito,Completada
2401,424,34,2024-05-26,1,218.05,218.05,Tarjeta de débito,Completada
2720,78,46,2024-05-26,4,458.9,1835.6,Tarjeta de crédito,Completada
802,31,17,2024-05-26,2,111.6,223.2,Tarjeta de débito,Completada
1810,163,95,2024-05-26,2,127.07,254.14,Tarjeta de débito,Completada
1343,441,144,2024-05-26,3,46.23,138.69,Tarjeta de crédito,Completada
85,73,123,2024-05-27,4,78.6,314.4,Tarjeta de crédito,Completada
2553,114,32,2024-05-27,1,50.69,50.69,Tarjeta de crédito,Completada
844,84,27,2024-05-27,3,53.58,160.74,Tarjeta de débito,Completada
1337,276,72,2024-05-28,4,91.98,367.92,Tarjeta de crédito,Completada
2103,173,120,2024-05-28,4,206.18,824.72,Tarjeta de crédito,Cancelada
1501,249,61,2024-05-28,4,52.25,209.0,Tarjeta de débito,Completada
1199,403,105,2024-05-28,1,61.73,61.73,Transferencia,Completada
436,215,124,2024-05-29,4,37.77,151.08,Tarjeta de crédito,Completada
1952,106,92,2024-05-29,3,96.79,290.37,Tarjeta de crédito,Completada
2231,159,55,2024-05-30,2,844.98,1689.96,Tarjeta de débito,Completada
2551,397,5,2024-05-30,3,320.02,960.06,Tarjeta de débito,Completada
1412,290,134,2024-05-30,1,24.19,24.19,Tarjeta de crédito,Completada
1571,144,127,2024-05-31,1,354.42,354.42,Billetera virtual,Completada
2784,50,144,2024-05-31,1,46.23,46.23,Tarjeta de débito,Completada
1170,240,135,2024-05-31,1,167.67,167.67,Billetera virtual,Completada
1897,429,23,2024-05-31,3,824.07,2472.21,Tarjeta de crédito,Completada
1770,414,129,2024-06-01,3,128.49,385.47,Tarjeta de crédito,Completada
2235,59,49,2024-06-01,1,190.42,190.42,Tarjeta de crédito,Completada
2986,247,13,2024-06-01,3,218.14,654.42,Tarjeta de débito,Completada
993,236,71,2024-06-01,4,98.46,393.84,Tarjeta de débito,Completada
102,252,79,2024-06-01,2,409.24,818.48,Transferencia,Cancelada
310,464,58,2024-06-02,3,112.95,338.85,Tarjeta de débito,Completada
2944,80,143,2024-06-02,3,248.99,746.97,Tarjeta de crédito,Completada
2075,108,122,2024-06-02,4,140.01,560.04,Billetera virtual,Completada
2629,266,54,2024-06-03,4,159.61,638.44,Tarjeta de crédito,Completada
1723,85,75,2024-06-03,3,142.36,427.08,Tarjeta de débito,Completada
2227,275,148,2024-06-03,1,273.49,273.49,Billetera virtual,Completada
2116,117,93,2024-06-03,3,260.51,781.53,Tarjeta de débito,Completada
1327,387,142,2024-06-03,4,641.1,2564.4,Tarjeta de crédito,Completada
1311,479,34,2024-06-03,2,218.05,436.1,Tarjeta de crédito,Cancelada
2310,262,14,2024-06-04,2,84.17,168.34,Tarjeta de débito,Cancelada
1602,492,55,2024-06-04,1,844.98,844.98,Tarjeta de débito,Completada
1209,189,124,2024-06-04,1,37.77,37.77,Tarjeta de crédito,Completada
2815,330,137,2024-06-05,3,245.63,736.89,Tarjeta de crédito,Completada
1812,382,81,2024-06-05,2,1144.0,2288.0,Tarjeta de crédito,Completada
2445,106,143,2024-06-05,2,248.99,497.98,Tarjeta de crédito,Completada
131,223,14,2024-06-05,4,84.17,336.68,Transferencia,Completada
2937,197,52,2024-06-05,1,83.1,83.1,Tarjeta de débito,Completada
2935,476,91,2024-06-05,2,1005.99,2011.98,Tarjeta de débito,Completada
2393,277,95,2024-06-06,4,127.07,508.28,Tarjeta de crédito,Completada
2202,284,60,2024-06-06,3,176.61,529.83,Tarjeta de crédito,Completada
583,279,138,2024-06-06,3,10.96,32.88,Tarjeta de crédito,Completada
149,354,132,2024-06-07,1,139.77,139.77,Tarjeta de débito,Completada
990,32,73,2024-06-08,2,62.82,125.64,Tarjeta de crédito,Completada
1980,248,10,2024-06-08,2,146.44,292.88,Tarjeta de crédito,Completada
2468,338,55,2024-06-08,4,844.98,3379.92,Tarjeta de débito,Completada
4,496,48,2024-06-08,4,97.9,391.6,Tarjeta de crédito,Completada
1566,297,105,2024-06-08,3,61.73,185.19,Tarjeta de crédito,Completada
1657,138,119,2024-06-09,4,350.27,1401.08,Tarjeta de débito,Completada
2928,82,129,2024-06-09,1,128.49,128.49,Tarjeta de débito,Completada
6,264,42,2024-06-09,4,136.43,545.72,Tarjeta de crédito,Completada
1492,451,57,2024-06-09,3,34.93,104.79,Tarjeta de crédito,Completada
77,138,127,2024-06-09,1,354.42,354.42,Transferencia,Completada
20,386,38,2024-06-09,4,93.08,372.32,Tarjeta de crédito,Completada
1320,498,109,2024-06-09,2,34.85,69.7,Tarjeta de débito,Completada
161,430,141,2024-06-10,3,608.51,1825.53,Tarjeta de débito,Completada
2217,122,54,2024-06-10,4,159.61,638.44,Tarjeta de débito,Completada
1396,2,9,2024-06-10,3,280.94,842.82,Tarjeta de crédito,Completada
1425,480,50,2024-06-10,4,169.82,679.28,Tarjeta de crédito,Completada
2424,148,147,2024-06-10,3,907.87,2723.61,Tarjeta de débito,Completada
2545,9,12,2024-06-11,4,20.02,80.08,Tarjeta de débito,Completada
2725,469,68,2024-06-11,4,109.08,436.32,Tarjeta de crédito,Completada
2752,397,150,2024-06-11,4,63.38,253.52,Tarjeta de débito,Completada
228,187,115,2024-06-11,2,384.44,768.88,Tarjeta de crédito,Completada
1366,191,50,2024-06-11,4,169.82,679.28,Tarjeta de débito,Completada
1367,355,84,2024-06-11,2,114.71,229.42,Tarjeta de crédito,Completada
769,127,24,2024-06-11,2,231.71,463.42,Tarjeta de crédito,Completada
428,291,109,2024-06-11,4,34.85,139.4,Tarjeta de crédito,Completada
2265,425,7,2024-06-12,1,44.62,44.62,Transferencia,Completada
1057,266,79,2024-06-13,3,409.24,1227.72,Tarjeta de crédito,Completada
1146,400,32,2024-06-13,2,50.69,101.38,Transferencia,Completada
1518,399,67,2024-06-14,4,17.83,71.32,Billetera virtual,Completada
2384,338,19,2024-06-17,1,92.82,92.82,Tarjeta de crédito,Cancelada
2088,427,94,2024-06-17,1,83.73,83.73,Tarjeta de crédito,Completada
2193,155,138,2024-06-17,3,10.96,32.88,Tarjeta de débito,Completada
1051,225,6,2024-06-17,4,134.96,539.84,Tarjeta de débito,Completada
106,125,7,2024-06-18,4,44.62,178.48,Tarjeta de débito,Completada
892,448,102,2024-06-18,3,275.73,827.19,Tarjeta de débito,Completada
1652,391,73,2024-06-19,1,62.82,62.82,Billetera virtual,Completada
1097,281,71,2024-06-19,1,98.46,98.46,Transferencia,Completada
497,311,120,2024-06-19,3,206.18,618.54,Tarjeta de crédito,Completada
1546,487,56,2024-06-20,2,1008.65,2017.3,Tarjeta de débito,Completada
1580,429,38,2024-06-20,4,93.08,372.32,Tarjeta de crédito,Completada
342,407,117,2024-06-20,2,553.19,1106.38,Transferencia,Completada
1472,361,150,2024-06-21,4,63.38,253.52,Tarjeta de débito,Completada
2628,235,106,2024-06-21,4,923.88,3695.52,Billetera virtual,Completada
1189,317,139,2024-06-21,3,75.42,226.26,Tarjeta de crédito,Completada
370,181,69,2024-06-21,1,787.04,787.04,Billetera virtual,Completada
726,14,118,2024-06-22,1,34.12,34.12,Billetera virtual,Completada
1256,361,139,2024-06-22,4,75.42,301.68,Tarjeta de débito,Cancelada
1252,121,84,2024-06-22,1,114.71,114.71,Tarjeta de crédito,Completada
1668,277,33,2024-06-22,3,193.34,580.02,Transferencia,Completada
2047,191,58,2024-06-23,3,112.95,338.85,Transferencia,Completada
23,430,129,2024-06-23,1,128.49,128.49,Billetera virtual,Completada
2733,141,96,2024-06-23,1,89.93,89.93,Billetera virtual,Completada
427,159,68,2024-06-23,1,109.08,109.08,Tarjeta de crédito,Completada
1214,208,111,2024-06-24,3,312.56,937.68,Tarjeta de débito,Completada
2283,432,67,2024-06-24,4,17.83,71.32,Tarjeta de crédito,Completada
1680,402,79,2024-06-24,1,409.24,409.24,Tarjeta de crédito,Completada
856,268,113,2024-06-24,2,261.05,522.1,Tarjeta de débito,Completada
2657,252,1,2024-06-24,4,11.53,46.12,Transferencia,Cancelada
1690,360,77,2024-06-25,1,36.9,36.9,Billetera virtual,Completada
1669,182,122,2024-06-25,1,140.01,140.01,Tarjeta de débito,Completada
2827,408,4,2024-06-25,2,87.74,175.48,Tarjeta de crédito,Completada
290,180,93,2024-06-25,3,260.51,781.53,Tarjeta de crédito,Completada
1742,325,65,2024-06-25,3,88.86,266.58,Tarjeta de débito,Completada
644,28,80,2024-06-25,3,79.9,239.7,Tarjeta de débito,Completada
645,43,68,2024-06-26,4,109.08,436.32,Billetera virtual,Completada
2742,301,26,2024-06-26,4,171.04,684.16,Tarjeta de crédito,Completada
775,250,120,2024-06-26,3,206.18,618.54,Transferencia,Completada
1270,25,25,2024-06-27,3,76.75,230.25,Tarjeta de crédito,Completada
76,439,110,2024-06-27,4,124.7,498.8,Tarjeta de débito,Completada
1018,422,28,2024-06-27,3,170.65,511.95,Tarjeta de crédito,Completada
317,242,62,2024-06-27,4,127.13,508.52,Billetera virtual,Completada
580,245,123,2024-06-27,3,78.6,235.8,Transferencia,Completada
48,479,117,2024-06-27,2,553.19,1106.38,Tarjeta de débito,Cancelada
100,307,142,2024-06-28,3,641.1,1923.3,Tarjeta de crédito,Completada
1191,323,10,2024-06-29,3,146.44,439.32,Tarjeta de débito,Completada
914,381,82,2024-06-29,4,106.99,427.96,Tarjeta de débito,Completada
860,40,15,2024-06-29,1,75.43,75.43,Tarjeta de crédito,Completada
1143,496,83,2024-06-29,2,37.39,74.78,Tarjeta de crédito,Completada
1362,199,139,2024-06-30,1,75.42,75.42,Tarjeta de débito,Completada
255,386,59,2024-06-30,1,199.85,199.85,Tarjeta de crédito,Completada
1306,299,100,2024-06-30,1,270.08,270.08,Billetera virtual,Completada
1573,355,149,2024-06-30,3,163.12,489.36,Tarjeta de débito,Completada
1908,394,3,2024-06-30,2,292.23,584.46,Tarjeta de crédito,Completada
384,478,43,2024-06-30,2,296.19,592.38,Tarjeta de crédito,Cancelada
430,132,140,2024-07-01,3,580.95,1742.85,Tarjeta de crédito,Completada
1338,64,53,2024-07-01,4,317.15,1268.6,Tarjeta de crédito,Completada
2766,75,35,2024-07-01,1,840.54,840.54,Tarjeta de crédito,Completada
1884,488,1,2024-07-01,3,11.53,34.59,Tarjeta de crédito,Completada
1215,337,43,2024-07-01,3,296.19,888.57,Tarjeta de crédito,Cancelada
879,408,60,2024-07-02,4,176.61,706.44,Tarjeta de crédito,Completada
2949,454,84,2024-07-02,3,114.71,344.13,Tarjeta de crédito,Completada
1145,127,9,2024-07-02,2,280.94,561.88,Billetera virtual,Completada
2781,106,50,2024-07-03,1,169.82,169.82,Tarjeta de débito,Completada
1918,272,49,2024-07-03,2,190.42,380.84,Tarjeta de crédito,Completada
360,340,74,2024-07-04,1,650.9,650.9,Tarjeta de crédito,Completada
61,212,26,2024-07-04,1,171.04,171.04,Tarjeta de débito,Completada
1712,303,112,2024-07-04,4,79.2,316.8,Tarjeta de débito,Completada
274,187,53,2024-07-04,2,317.15,634.3,Billetera virtual,Completada
2537,147,104,2024-07-04,2,85.81,171.62,Transferencia,Completada
2576,169,145,2024-07-04,1,1036.09,1036.09,Tarjeta de crédito,Completada
2694,190,4,2024-07-04,2,87.74,175.48,Tarjeta de débito,Cancelada
1524,304,43,2024-07-04,4,296.19,1184.76,Billetera virtual,Completada
2213,453,133,2024-07-04,4,713.32,2853.28,Tarjeta de crédito,Completada
2726,56,5,2024-07-05,3,320.02,960.06,Billetera virtual,Cancelada
1874,61,95,2024-07-05,1,127.07,127.07,Tarjeta de crédito,Completada
1988,426,150,2024-07-05,2,63.38,126.76,Tarjeta de débito,Completada
1971,79,22,2024-07-05,3,383.43,1150.29,Tarjeta de crédito,Completada
2796,429,12,2024-07-05,1,20.02,20.02,Billetera virtual,Completada
466,313,53,2024-07-05,4,317.15,1268.6,Transferencia,Completada
271,311,134,2024-07-05,1,24.19,24.19,Billetera virtual,Completada
2797,158,57,2024-07-05,1,34.93,34.93,Transferencia,Completada
952,473,144,2024-07-06,3,46.23,138.69,Tarjeta de crédito,Completada
567,106,32,2024-07-06,2,50.69,101.38,Tarjeta de crédito,Completada
2967,485,114,2024-07-06,4,362.33,1449.32,Tarjeta de crédito,Completada
587,252,78,2024-07-06,1,273.68,273.68,Tarjeta de crédito,Completada
1105,244,139,2024-07-06,3,75.42,226.26,Transferencia,Completada
2817,377,16,2024-07-06,2,188.57,377.14,Tarjeta de débito,Completada
2638,224,47,2024-07-06,4,63.67,254.68,Billetera virtual,Completada
2456,363,87,2024-07-07,2,167.49,334.98,Billetera virtual,Completada
452,227,53,2024-07-07,3,317.15,951.45,Tarjeta de crédito,Completada
329,169,99,2024-07-07,2,530.66,1061.32,Tarjeta de crédito,Cancelada
12,57,45,2024-07-08,3,85.76,257.28,Tarjeta de crédito,Completada
2974,496,27,2024-07-08,2,53.58,107.16,Billetera virtual,Completada
1740,28,37,2024-07-08,1,297.6,297.6,Tarjeta de débito,Completada
2201,396,102,2024-07-09,4,275.73,1102.92,Tarjeta de débito,Completada
276,50,97,2024-07-09,2,578.69,1157.38,Tarjeta de crédito,Completada
1964,152,54,2024-07-09,4,159.61,638.44,Tarjeta de crédito,Completada
2823,400,19,2024-07-09,1,92.82,92.82,Tarjeta de crédito,Completada
1353,480,62,2024-07-10,3,127.13,381.39,Tarjeta de crédito,Completada
1124,233,40,2024-07-10,3,130.98,392.94,Tarjeta de débito,Completada
2333,203,37,2024-07-10,4,297.6,1190.4,Tarjeta de crédito,Completada
2146,141,80,2024-07-11,3,79.9,239.7,Transferencia,Completada
1587,187,55,2024-07-11,4,844.98,3379.92,Billetera virtual,Completada
932,15,76,2024-07-11,2,111.18,222.36,Tarjeta de crédito,Completada
2011,119,121,2024-07-11,4,58.56,234.24,Tarjeta de crédito,Completada
1133,299,3,2024-07-12,3,292.23,876.69,Transferencia,Completada
448,17,23,2024-07-12,1,824.07,824.07,Billetera virtual,Completada
2068,377,85,2024-07-13,2,839.71,1679.42,Transferencia,Completada
2874,108,86,2024-07-13,4,213.88,855.52,Billetera virtual,Cancelada
2156,287,50,2024-07-13,2,169.82,339.64,Tarjeta de débito,Completada
1835,412,89,2024-07-14,1,149.38,149.38,Billetera virtual,Completada
2402,487,8,2024-07-14,4,129.5,518.0,Tarjeta de crédito,Completada
426,223,4,2024-07-14,4,87.74,350.96,Tarjeta de crédito,Completada
2682,158,131,2024-07-14,3,114.24,342.72,Tarjeta de crédito,Completada
1677,21,141,2024-07-14,3,608.51,1825.53,Tarjeta de crédito,Completada
2285,94,131,2024-07-14,4,114.24,456.96,Transferencia,Completada
2803,341,137,2024-07-15,2,245.63,491.26,Tarjeta de débito,Cancelada
852,156,46,2024-07-15,1,458.9,458.9,Transferencia,Completada
2413,96,75,2024-07-16,4,142.36,569.44,Tarjeta de crédito,Completada
478,352,47,2024-07-16,2,63.67,127.34,Transferencia,Completada
91,259,89,2024-07-16,3,149.38,448.14,Tarjeta de crédito,Completada
2745,70,136,2024-07-16,3,355.5,1066.5,Tarjeta de débito,Completada
668,219,59,2024-07-16,1,199.85,199.85,Tarjeta de débito,Completada
1625,442,143,2024-07-18,1,248.99,248.99,Tarjeta de débito,Completada
2862,256,28,2024-07-18,3,170.65,511.95,Billetera virtual,Completada
480,265,144,2024-07-18,1,46.23,46.23,Tarjeta de débito,Completada
678,446,70,2024-07-18,4,99.49,397.96,Tarjeta de crédito,Completada
2327,131,83,2024-07-19,3,37.39,112.17,Tarjeta de crédito,Completada
1797,417,42,2024-07-19,3,136.43,409.29,Tarjeta de crédito,Completada
2315,170,51,2024-07-19,1,139.26,139.26,Tarjeta de débito,Completada
772,340,33,2024-07-19,2,193.34,386.68,Tarjeta de crédito,Completada
502,305,5,2024-07-19,2,320.02,640.04,Tarjeta de débito,Completada
490,69,123,2024-07-19,2,78.6,157.2,Tarjeta de débito,Cancelada
2019,352,36,2024-07-19,2,55.34,110.68,Tarjeta de crédito,Completada
812,256,127,2024-07-19,2,354.42,708.84,Tarjeta de crédito,Completada
618,223,85,2024-07-19,1,839.71,839.71,Tarjeta de crédito,Completada
150,417,51,2024-07-19,2,139.26,278.52,Tarjeta de crédito,Completada
2158,191,47,2024-07-20,3,63.67,191.01,Tarjeta de débito,Completada
2810,313,62,2024-07-20,2,127.13,254.26,Tarjeta de débito,Completada
673,110,104,2024-07-20,4,85.81,343.24,Billetera virtual,Completada
708,3,86,2024-07-20,2,213.88,427.76,Tarjeta de crédito,Completada
2114,84,56,2024-07-21,2,1008.65,2017.3,Tarjeta de crédito,Cancelada
1163,89,106,2024-07-21,2,923.88,1847.76,Billetera virtual,Completada
203,369,37,2024-07-21,1,297.6,297.6,Transferencia,Cancelada
1012,467,102,2024-07-21,1,275.73,275.73,Tarjeta de crédito,Completada
1478,228,140,2024-07-21,4,580.95,2323.8,Tarjeta de crédito,Completada
1495,396,73,2024-07-21,3,62.82,188.46,Tarjeta de débito,Completada
113,232,37,2024-07-21,1,297.6,297.6,Tarjeta de crédito,Completada
47,29,21,2024-07-21,3,441.16,1323.48,Transferencia,Completada
335,421,80,2024-07-22,1,79.9,79.9,Tarjeta de crédito,Completada
2030,214,75,2024-07-22,4,142.36,569.44,Tarjeta de crédito,Completada
1944,453,75,2024-07-23,1,142.36,142.36,Tarjeta de crédito,Cancelada
1071,411,103,2024-07-23,4,535.68,2142.72,Tarjeta de crédito,Completada
1433,166,8,2024-07-23,2,129.5,259.0,Transferencia,Completada
2090,297,49,2024-07-23,1,190.42,190.42,Transferencia,Completada
1901,188,7,2024-07-23,4,44.62,178.48,Transferencia,Completada
318,467,71,2024-07-23,2,98.46,196.92,Tarjeta de crédito,Completada
617,55,13,2024-07-23,2,218.14,436.28,Tarjeta de débito,Completada
2021,413,18,2024-07-23,4,213.72,854.88,Transferencia,Completada
2696,218,62,2024-07-24,3,127.13,381.39,Tarjeta de crédito,Completada
1100,161,10,2024-07-24,1,146.44,146.44,Tarjeta de débito,Completada
464,428,129,2024-07-24,2,128.49,256.98,Tarjeta de crédito,Completada
2975,442,80,2024-07-24,2,79.9,159.8,Tarjeta de crédito,Completada
1774,294,6,2024-07-24,4,134.96,539.84,Transferencia,Completada
660,77,92,2024-07-24,1,96.79,96.79,Billetera virtual,Completada
1260,315,40,2024-07-25,4,130.98,523.92,Tarjeta de crédito,Completada
899,17,45,2024-07-25,4,85.76,343.04,Tarjeta de crédito,Completada
267,297,148,2024-07-25,4,273.49,1093.96,Tarjeta de crédito,Completada
1474,393,27,2024-07-25,3,53.58,160.74,Transferencia,Completada
58,112,73,2024-07-25,1,62.82,62.82,Billetera virtual,Completada
1160,289,64,2024-07-26,1,97.83,97.83,Tarjeta de débito,Completada
2415,10,15,2024-07-26,3,75.43,226.29,Billetera virtual,Completada
2291,199,84,2024-07-26,3,114.71,344.13,Tarjeta de débito,Completada
983,51,125,2024-07-26,4,116.4,465.6,Tarjeta de crédito,Cancelada
1441,391,54,2024-07-27,3,159.61,478.83,Tarjeta de crédito,Completada
2973,259,6,2024-07-27,2,134.96,269.92,Tarjeta de débito,Completada
1451,281,133,2024-07-27,1,713.32,713.32,Billetera virtual,Completada
2121,356,57,2024-07-27,4,34.93,139.72,Tarjeta de crédito,Completada
2136,172,111,2024-07-27,4,312.56,1250.24,Tarjeta de crédito,Completada
2954,396,40,2024-07-28,2,130.98,261.96,Tarjeta de débito,Cancelada
2813,487,32,2024-07-28,4,50.69,202.76,Tarjeta de crédito,Completada
837,121,63,2024-07-28,4,41.74,166.96,Tarjeta de débito,Completada
1132,462,85,2024-07-28,4,839.71,3358.84,Tarjeta de débito,Completada
578,152,121,2024-07-29,1,58.56,58.56,Tarjeta de crédito,Completada
66,392,9,2024-07-29,1,280.94,280.94,Tarjeta de crédito,Completada
623,262,106,2024-07-29,2,923.88,1847.76,Tarjeta de crédito,Completada
1452,53,63,2024-07-30,3,41.74,125.22,Tarjeta de crédito,Completada
1369,343,21,2024-08-01,4,441.16,1764.64,Billetera virtual,Cancelada
1072,491,38,2024-08-01,3,93.08,279.24,Tarjeta de débito,Cancelada
1117,226,150,2024-08-01,3,63.38,190.14,Tarjeta de crédito,Completada
330,355,125,2024-08-01,4,116.4,465.6,Tarjeta de débito,Completada
1756,448,22,2024-08-01,4,383.43,1533.72,Tarjeta de débito,Completada
752,475,68,2024-08-01,3,109.08,327.24,Tarjeta de crédito,Completada
2757,113,148,2024-08-02,2,273.49,546.98,Tarjeta de débito,Cancelada
2433,15,103,2024-08-02,3,535.68,1607.04,Tarjeta de crédito,Completada
981,466,42,2024-08-02,4,136.43,545.72,Tarjeta de crédito,Completada
2498,397,1,2024-08-02,3,11.53,34.59,Billetera virtual,Completada
1086,212,90,2024-08-02,4,52.39,209.56,Transferencia,Completada
1607,83,123,2024-08-03,4,78.6,314.4,Tarjeta de crédito,Completada
2721,393,109,2024-08-03,1,34.85,34.85,Tarjeta de débito,Completada
945,266,97,2024-08-03,4,578.69,2314.76,Tarjeta de crédito,Completada
2436,336,24,2024-08-03,1,231.71,231.71,Billetera virtual,Completada
1226,328,42,2024-08-04,1,136.43,136.43,Transferencia,Completada
658,118,107,2024-08-04,2,241.46,482.92,Tarjeta de crédito,Completada
834,51,147,2024-08-04,2,907.87,1815.74,Tarjeta de crédito,Completada
520,126,70,2024-08-04,1,99.49,99.49,Transferencia,Completada
1803,182,136,2024-08-05,3,355.5,1066.5,Billetera virtual,Completada
2872,224,110,2024-08-05,1,124.7,124.7,Tarjeta de débito,Completada
1235,210,103,2024-08-05,4,535.68,2142.72,Billetera virtual,Completada
2182,338,106,2024-08-05,3,923.88,2771.64,Billetera virtual,Completada
2178,99,114,2024-08-05,3,362.33,1086.99,Tarjeta de débito,Completada
1195,148,38,2024-08-05,4,93.08,372.32,Transferencia,Completada
550,439,16,2024-08-05,2,188.57,377.14,Billetera virtual,Completada
2422,111,12,2024-08-05,3,20.02,60.06,Tarjeta de débito,Cancelada
682,201,70,2024-08-05,1,99.49,99.49,Tarjeta de crédito,Completada
2428,487,32,2024-08-06,1,50.69,50.69,Transferencia,Completada
189,357,26,2024-08-06,2,171.04,342.08,Tarjeta de débito,Completada
1261,212,122,2024-08-06,1,140.01,140.01,Tarjeta de crédito,Completada
653,362,84,2024-08-06,2,114.71,229.42,Billetera virtual,Cancelada
890,158,94,2024-08-06,2,83.73,167.46,Tarjeta de crédito,Completada
2,448,29,2024-08-06,4,240.3,961.2,Tarjeta de débito,Completada
1916,311,36,2024-08-07,2,55.34,110.68,Tarjeta de crédito,Completada
1681,469,142,2024-08-07,4,641.1,2564.4,Billetera virtual,Completada
367,74,84,2024-08-08,2,114.71,229.42,Billetera virtual,Completada
1052,454,77,2024-08-09,3,36.9,110.7,Transferencia,Cancelada
1179,488,76,2024-08-10,4,111.18,444.72,Tarjeta de débito,Cancelada
1092,165,111,2024-08-11,3,312.56,937.68,Transferencia,Cancelada
1820,429,3,2024-08-11,3,292.23,876.69,Tarjeta de crédito,Completada
1098,365,111,2024-08-12,4,312.56,1250.24,Tarjeta de crédito,Completada
1974,217,71,2024-08-12,3,98.46,295.38,Transferencia,Completada
2709,138,70,2024-08-12,2,99.49,198.98,Billetera virtual,Completada
1342,402,144,2024-08-13,4,46.23,184.92,Tarjeta de crédito,Completada
2371,159,92,2024-08-13,3,96.79,290.37,Tarjeta de débito,Completada
1197,96,110,2024-08-13,2,124.7,249.4,Tarjeta de débito,Completada
302,264,123,2024-08-13,2,78.6,157.2,Tarjeta de crédito,Completada
677,160,41,2024-08-13,1,165.53,165.53,Transferencia,Completada
2247,360,126,2024-08-13,2,130.81,261.62,Tarjeta de crédito,Completada
1757,317,118,2024-08-14,1,34.12,34.12,Transferencia,Completada
2839,24,97,2024-08-14,3,578.69,1736.07,Tarjeta de débito,Completada
1428,277,33,2024-08-14,1,193.34,193.34,Tarjeta de débito,Completada
2094,286,14,2024-08-15,3,84.17,252.51,Tarjeta de débito,Cancelada
2014,440,69,2024-08-15,1,787.04,787.04,Transferencia,Completada
534,47,127,2024-08-15,2,354.42,708.84,Tarjeta de crédito,Completada
2918,433,148,2024-08-15,1,273.49,273.49,Tarjeta de crédito,Completada
2799,66,111,2024-08-15,4,312.56,1250.24,Tarjeta de débito,Completada
694,117,6,2024-08-16,2,134.96,269.92,Tarjeta de crédito,Completada
1361,352,60,2024-08-16,1,176.61,176.61,Tarjeta de crédito,Completada
1414,135,79,2024-08-16,4,409.24,1636.96,Tarjeta de débito,Completada
21,442,43,2024-08-17,3,296.19,888.57,Transferencia,Cancelada
158,462,32,2024-08-17,2,50.69,101.38,Tarjeta de crédito,Completada
1826,199,98,2024-08-17,3,265.91,797.73,Tarjeta de crédito,Completada
380,442,49,2024-08-17,4,190.42,761.68,Transferencia,Completada
1708,232,62,2024-08-17,2,127.13,254.26,Billetera virtual,Completada
2825,442,86,2024-08-17,1,213.88,213.88,Tarjeta de débito,Completada
815,80,126,2024-08-17,2,130.81,261.62,Tarjeta de crédito,Cancelada
923,432,55,2024-08-18,3,844.98,2534.94,Tarjeta de crédito,Completada
1620,367,8,2024-08-18,4,129.5,518.0,Tarjeta de débito,Completada
1201,50,130,2024-08-19,2,68.82,137.64,Tarjeta de débito,Completada
2542,133,78,2024-08-19,3,273.68,821.04,Tarjeta de crédito,Completada
132,67,35,2024-08-19,4,840.54,3362.16,Tarjeta de crédito,Completada
2419,405,4,2024-08-19,1,87.74,87.74,Tarjeta de crédito,Completada
1903,324,93,2024-08-19,2,260.51,521.02,Tarjeta de crédito,Completada
1841,254,132,2024-08-20,2,139.77,279.54,Tarjeta de crédito,Completada
1834,174,19,2024-08-20,3,92.82,278.46,Billetera virtual,Completada
810,489,58,2024-08-20,1,112.95,112.95,Tarjeta de crédito,Completada
2039,76,51,2024-08-21,3,139.26,417.78,Tarjeta de crédito,Completada
404,110,145,2024-08-21,2,1036.09,2072.18,Transferencia,Completada
2969,193,106,2024-08-21,2,923.88,1847.76,Tarjeta de débito,Cancelada
2506,287,28,2024-08-21,2,170.65,341.3,Tarjeta de crédito,Completada
266,2,125,2024-08-21,4,116.4,465.6,Billetera virtual,Completada
2147,103,117,2024-08-21,2,553.19,1106.38,Tarjeta de crédito,Completada
2093,138,148,2024-08-22,1,273.49,273.49,Tarjeta de crédito,Cancelada
117,381,121,2024-08-22,1,58.56,58.56,Tarjeta de crédito,Completada
450,33,28,2024-08-22,3,170.65,511.95,Tarjeta de crédito,Completada
222,66,15,2024-08-22,1,75.43,75.43,Billetera virtual,Completada
2214,488,145,2024-08-22,2,1036.09,2072.18,Tarjeta de débito,Completada
1101,2,119,2024-08-23,4,350.27,1401.08,Tarjeta de crédito,Completada
1811,366,42,2024-08-23,1,136.43,136.43,Tarjeta de crédito,Completada
2462,173,113,2024-08-23,1,261.05,261.05,Tarjeta de crédito,Completada
920,362,112,2024-08-23,1,79.2,79.2,Transferencia,Completada
648,322,96,2024-08-23,3,89.93,269.79,Tarjeta de débito,Completada
1604,389,1,2024-08-23,1,11.53,11.53,Billetera virtual,Completada
2488,437,66,2024-08-23,1,256.07,256.07,Tarjeta de crédito,Completada
1702,212,32,2024-08-24,4,50.69,202.76,Tarjeta de crédito,Completada
1666,368,42,2024-08-24,2,136.43,272.86,Tarjeta de crédito,Completada
1494,446,25,2024-08-24,4,76.75,307.0,Tarjeta de débito,Cancelada
2507,21,139,2024-08-24,2,75.42,150.84,Transferencia,Completada
703,241,47,2024-08-24,1,63.67,63.67,Tarjeta de crédito,Completada
1599,21,121,2024-08-24,2,58.56,117.12,Tarjeta de crédito,Completada
236,95,104,2024-08-24,2,85.81,171.62,Tarjeta de crédito,Completada
254,201,63,2024-08-25,1,41.74,41.74,Transferencia,Cancelada
1397,112,90,2024-08-25,2,52.39,104.78,Tarjeta de débito,Completada
2533,320,17,2024-08-26,4,111.6,446.4,Billetera virtual,Completada
757,66,22,2024-08-26,3,383.43,1150.29,Tarjeta de débito,Completada
1443,18,36,2024-08-27,2,55.34,110.68,Transferencia,Completada
933,391,136,2024-08-27,2,355.5,711.0,Tarjeta de débito,Completada
1121,22,47,2024-08-27,1,63.67,63.67,Tarjeta de débito,Completada
796,216,30,2024-08-28,1,221.66,221.66,Tarjeta de crédito,Completada
918,31,47,2024-08-28,4,63.67,254.68,Tarjeta de crédito,Cancelada
1886,223,147,2024-08-28,4,907.87,3631.48,Billetera virtual,Completada
2866,78,38,2024-08-28,4,93.08,372.32,Billetera virtual,Completada
801,447,71,2024-08-28,1,98.46,98.46,Transferencia,Completada
485,431,119,2024-08-29,4,350.27,1401.08,Tarjeta de débito,Completada
160,337,67,2024-08-29,4,17.83,71.32,Billetera virtual,Completada
152,392,93,2024-08-29,1,260.51,260.51,Tarjeta de crédito,Completada
198,343,66,2024-08-29,2,256.07,512.14,Transferencia,Completada
529,230,107,2024-08-30,4,241.46,965.84,Tarjeta de crédito,Completada
483,250,50,2024-08-30,3,169.82,509.46,Tarjeta de crédito,Completada
2792,432,22,2024-08-31,3,383.43,1150.29,Tarjeta de crédito,Completada
780,197,54,2024-08-31,1,159.61,159.61,Transferencia,Completada
1218,460,143,2024-08-31,3,248.99,746.97,Tarjeta de débito,Completada
2159,93,18,2024-08-31,2,213.72,427.44,Tarjeta de débito,Completada
1815,164,20,2024-08-31,3,110.57,331.71,Tarjeta de crédito,Cancelada
2395,367,43,2024-08-31,4,296.19,1184.76,Tarjeta de crédito,Completada
1744,73,59,2024-09-01,1,199.85,199.85,Tarjeta de crédito,Cancelada
2655,466,89,2024-09-01,1,149.38,149.38,Transferencia,Completada
1796,202,120,2024-09-01,3,206.18,618.54,Tarjeta de débito,Completada
2599,92,34,2024-09-01,1,218.05,218.05,Tarjeta de crédito,Cancelada
251,268,58,2024-09-02,4,112.95,451.8,Tarjeta de débito,Completada
929,227,34,2024-09-02,2,218.05,436.1,Tarjeta de crédito,Completada
39,190,5,2024-09-02,2,320.02,640.04,Tarjeta de crédito,Completada
1627,318,27,2024-09-02,2,53.58,107.16,Tarjeta de crédito,Completada
521,216,34,2024-09-02,3,218.05,654.15,Tarjeta de crédito,Completada
2795,20,73,2024-09-03,4,62.82,251.28,Tarjeta de débito,Completada
2798,288,91,2024-09-03,2,1005.99,2011.98,Tarjeta de crédito,Completada
686,49,32,2024-09-04,2,50.69,101.38,Transferencia,Completada
1832,25,121,2024-09-04,1,58.56,58.56,Tarjeta de débito,Completada
2316,202,130,2024-09-04,4,68.82,275.28,Tarjeta de crédito,Completada
265,295,92,2024-09-04,3,96.79,290.37,Tarjeta de crédito,Completada
1217,254,149,2024-09-04,4,163.12,652.48,Transferencia,Completada
1675,93,129,2024-09-04,3,128.49,385.47,Tarjeta de crédito,Completada
2756,284,33,2024-09-04,1,193.34,193.34,Tarjeta de crédito,Completada
2020,416,149,2024-09-05,2,163.12,326.24,Billetera virtual,Completada
786,496,18,2024-09-05,1,213.72,213.72,Tarjeta de débito,Completada
2143,175,18,2024-09-05,4,213.72,854.88,Tarjeta de crédito,Completada
2280,321,25,2024-09-05,2,76.75,153.5,Tarjeta de crédito,Completada
2081,324,67,2024-09-05,2,17.83,35.66,Transferencia,Completada
1743,73,22,2024-09-06,4,383.43,1533.72,Tarjeta de crédito,Completada
559,476,105,2024-09-06,4,61.73,246.92,Tarjeta de crédito,Completada
212,242,87,2024-09-06,3,167.49,502.47,Tarjeta de crédito,Completada
901,421,82,2024-09-06,1,106.99,106.99,Tarjeta de débito,Completada
2539,488,45,2024-09-07,3,85.76,257.28,Tarjeta de crédito,Completada
1589,58,8,2024-09-07,1,129.5,129.5,Tarjeta de crédito,Completada
2771,292,91,2024-09-08,2,1005.99,2011.98,Tarjeta de débito,Completada
1859,430,85,2024-09-08,3,839.71,2519.13,Transferencia,Completada
1068,402,31,2024-09-08,2,72.17,144.34,Transferencia,Completada
2046,189,107,2024-09-08,3,241.46,724.38,Tarjeta de crédito,Completada
659,415,136,2024-09-09,4,355.5,1422.0,Billetera virtual,Completada
631,334,58,2024-09-09,1,112.95,112.95,Billetera virtual,Completada
811,382,73,2024-09-09,2,62.82,125.64,Billetera virtual,Completada
2688,252,80,2024-09-10,3,79.9,239.7,Tarjeta de débito,Completada
1928,182,81,2024-09-10,4,1144.0,4576.0,Tarjeta de crédito,Completada
2109,142,69,2024-09-11,4,787.04,3148.16,Billetera virtual,Completada
1249,3,6,2024-09-12,2,134.96,269.92,Tarjeta de débito,Completada
345,458,1,2024-09-12,4,11.53,46.12,Tarjeta de débito,Completada
2187,237,40,2024-09-12,1,130.98,130.98,Transferencia,Completada
2380,34,98,2024-09-13,3,265.91,797.73,Tarjeta de débito,Completada
779,367,142,2024-09-13,3,641.1,1923.3,Tarjeta de crédito,Cancelada
606,145,4,2024-09-13,3,87.74,263.22,Tarjeta de crédito,Completada
2691,10,61,2024-09-13,2,52.25,104.5,Transferencia,Completada
903,40,95,2024-09-14,1,127.07,127.07,Billetera virtual,Completada
86,22,139,2024-09-14,3,75.42,226.26,Tarjeta de crédito,Completada
2898,48,100,2024-09-15,2,270.08,540.16,Transferencia,Completada
1838,399,143,2024-09-15,2,248.99,497.98,Tarjeta de débito,Completada
525,448,55,2024-09-15,4,844.98,3379.92,Billetera virtual,Completada
2320,250,103,2024-09-15,1,535.68,535.68,Tarjeta de crédito,Completada
2749,281,144,2024-09-15,2,46.23,92.46,Tarjeta de crédito,Completada
9,125,68,2024-09-15,1,109.08,109.08,Tarjeta de débito,Completada
1379,113,75,2024-09-16,3,142.36,427.08,Tarjeta de débito,Completada
2297,186,49,2024-09-16,1,190.42,190.42,Tarjeta de débito,Completada
646,303,49,2024-09-16,4,190.42,761.68,Tarjeta de crédito,Completada
2212,180,100,2024-09-16,2,270.08,540.16,Tarjeta de crédito,Completada
1721,304,114,2024-09-16,2,362.33,724.66,Tarjeta de crédito,Completada
2052,183,29,2024-09-17,1,240.3,240.3,Billetera virtual,Completada
1147,2,11,2024-09-17,1,221.91,221.91,Transferencia,Completada
2189,396,19,2024-09-17,2,92.82,185.64,Tarjeta de crédito,Completada
1460,124,46,2024-09-17,4,458.9,1835.6,Tarjeta de crédito,Completada
1389,441,114,2024-09-17,3,362.33,1086.99,Tarjeta de débito,Completada
2264,227,74,2024-09-18,1,650.9,650.9,Tarjeta de débito,Completada
2139,358,22,2024-09-19,2,383.43,766.86,Tarjeta de débito,Completada
2892,218,1,2024-09-19,3,11.53,34.59,Tarjeta de débito,Completada
2165,403,103,2024-09-19,2,535.68,1071.36,Tarjeta de crédito,Completada
2446,7,32,2024-09-19,3,50.69,152.07,Billetera virtual,Completada
2870,271,47,2024-09-19,1,63.67,63.67,Tarjeta de crédito,Completada
1224,412,131,2024-09-19,3,114.24,342.72,Tarjeta de débito,Completada
1594,244,85,2024-09-19,4,839.71,3358.84,Billetera virtual,Completada
2120,316,132,2024-09-20,3,139.77,419.31,Tarjeta de débito,Completada
2904,84,86,2024-09-21,2,213.88,427.76,Tarjeta de crédito,Completada
2363,426,64,2024-09-21,2,97.83,195.66,Tarjeta de crédito,Completada
2942,227,17,2024-09-21,2,111.6,223.2,Tarjeta de débito,Completada
2873,54,108,2024-09-21,1,340.46,340.46,Transferencia,Completada
827,107,23,2024-09-22,1,824.07,824.07,Tarjeta de crédito,Completada
926,225,99,2024-09-22,1,530.66,530.66,Tarjeta de débito,Completada
2319,375,141,2024-09-22,1,608.51,608.51,Billetera virtual,Completada
562,352,99,2024-09-23,1,530.66,530.66,Tarjeta de crédito,Completada
2772,231,73,2024-09-23,4,62.82,251.28,Tarjeta de crédito,Completada
1157,303,15,2024-09-23,3,75.43,226.29,Tarjeta de crédito,Completada
2042,98,73,2024-09-23,2,62.82,125.64,Tarjeta de débito,Completada
777,423,10,2024-09-24,1,146.44,146.44,Transferencia,Completada
1480,24,104,2024-09-24,2,85.81,171.62,Tarjeta de débito,Completada
2329,148,72,2024-09-24,4,91.98,367.92,Transferencia,Completada
2649,366,6,2024-09-24,1,134.96,134.96,Transferencia,Completada
2276,390,1,2024-09-26,3,11.53,34.59,Tarjeta de crédito,Completada
2277,78,133,2024-09-26,1,713.32,713.32,Tarjeta de crédito,Completada
1795,354,63,2024-09-26,4,41.74,166.96,Tarjeta de crédito,Completada
729,47,75,2024-09-27,2,142.36,284.72,Tarjeta de crédito,Completada
103,90,32,2024-09-27,1,50.69,50.69,Billetera virtual,Completada
1373,82,101,2024-09-27,2,27.42,54.84,Transferencia,Completada
1499,107,20,2024-09-27,4,110.57,442.28,Billetera virtual,Completada
1654,99,97,2024-09-28,4,578.69,2314.76,Transferencia,Completada
359,32,68,2024-09-28,1,109.08,109.08,Tarjeta de crédito,Completada
92,454,2,2024-09-28,4,148.77,595.08,Transferencia,Completada
2623,368,100,2024-09-29,1,270.08,270.08,Tarjeta de débito,Completada
2229,30,132,2024-09-29,4,139.77,559.08,Tarjeta de débito,Completada
1351,15,69,2024-09-29,2,787.04,1574.08,Tarjeta de débito,Completada
2530,276,17,2024-09-29,1,111.6,111.6,Billetera virtual,Completada
1232,424,125,2024-09-29,2,116.4,232.8,Tarjeta de débito,Completada
1547,115,71,2024-09-30,4,98.46,393.84,Tarjeta de crédito,Completada
2601,293,50,2024-09-30,3,169.82,509.46,Billetera virtual,Completada
788,372,38,2024-09-30,4,93.08,372.32,Transferencia,Completada
1467,337,46,2024-09-30,1,458.9,458.9,Billetera virtual,Completada
508,338,136,2024-10-01,1,355.5,355.5,Tarjeta de crédito,Completada
2965,470,138,2024-10-01,2,10.96,21.92,Transferencia,Completada
355,197,14,2024-10-02,2,84.17,168.34,Tarjeta de débito,Completada
2322,85,58,2024-10-02,3,112.95,338.85,Tarjeta de crédito,Completada
2458,257,144,2024-10-02,4,46.23,184.92,Transferencia,Completada
357,482,38,2024-10-02,4,93.08,372.32,Tarjeta de débito,Cancelada
2899,50,117,2024-10-03,1,553.19,553.19,Billetera virtual,Completada
187,143,47,2024-10-03,4,63.67,254.68,Billetera virtual,Completada
1483,431,80,2024-10-03,2,79.9,159.8,Tarjeta de crédito,Completada
2727,382,92,2024-10-03,4,96.79,387.16,Tarjeta de crédito,Completada
2339,295,26,2024-10-03,2,171.04,342.08,Tarjeta de débito,Completada
96,183,68,2024-10-04,4,109.08,436.32,Tarjeta de débito,Completada
1221,456,35,2024-10-04,4,840.54,3362.16,Tarjeta de débito,Completada
112,397,137,2024-10-04,3,245.63,736.89,Tarjeta de débito,Completada
2744,323,142,2024-10-04,4,641.1,2564.4,Tarjeta de crédito,Completada
2515,64,86,2024-10-04,3,213.88,641.64,Tarjeta de débito,Completada
1032,500,123,2024-10-05,1,78.6,78.6,Tarjeta de crédito,Completada
1250,201,129,2024-10-05,2,128.49,256.98,Tarjeta de crédito,Completada
2494,190,79,2024-10-05,3,409.24,1227.72,Tarjeta de crédito,Completada
2388,28,86,2024-10-06,2,213.88,427.76,Transferencia,Completada
1871,398,35,2024-10-06,3,840.54,2521.62,Tarjeta de crédito,Completada
2885,186,106,2024-10-06,1,923.88,923.88,Billetera virtual,Completada
2112,240,91,2024-10-07,1,1005.99,1005.99,Tarjeta de débito,Completada
1996,393,44,2024-10-07,3,85.25,255.75,Billetera virtual,Completada
181,304,117,2024-10-07,2,553.19,1106.38,Tarjeta de crédito,Completada
1006,118,48,2024-10-08,4,97.9,391.6,Tarjeta de débito,Completada
2540,26,46,2024-10-08,1,458.9,458.9,Tarjeta de crédito,Completada
1563,35,96,2024-10-09,4,89.93,359.72,Transferencia,Completada
1558,269,84,2024-10-09,1,114.71,114.71,Tarjeta de crédito,Cancelada
2323,38,66,2024-10-09,3,256.07,768.21,Transferencia,Completada
956,257,145,2024-10-09,3,1036.09,3108.27,Transferencia,Cancelada
2089,34,110,2024-10-09,3,124.7,374.1,Transferencia,Completada
2268,332,48,2024-10-10,4,97.9,391.6,Tarjeta de débito,Completada
586,397,44,2024-10-10,4,85.25,341.0,Tarjeta de crédito,Completada
1429,74,6,2024-10-11,1,134.96,134.96,Tarjeta de crédito,Completada
962,264,88,2024-10-11,3,53.48,160.44,Tarjeta de débito,Completada
2207,142,74,2024-10-11,1,650.9,650.9,Tarjeta de crédito,Completada
451,493,79,2024-10-11,4,409.24,1636.96,Tarjeta de crédito,Completada
1190,466,101,2024-10-11,1,27.42,27.42,Tarjeta de crédito,Completada
442,413,72,2024-10-12,3,91.98,275.94,Tarjeta de crédito,Completada
1481,247,28,2024-10-12,1,170.65,170.65,Transferencia,Completada
797,462,36,2024-10-13,2,55.34,110.68,Tarjeta de débito,Completada
2051,317,20,2024-10-13,1,110.57,110.57,Transferencia,Completada
1003,124,22,2024-10-13,3,383.43,1150.29,Tarjeta de débito,Cancelada
2894,315,107,2024-10-13,3,241.46,724.38,Tarjeta de crédito,Completada
2608,419,65,2024-10-13,1,88.86,88.86,Tarjeta de crédito,Completada
1726,62,96,2024-10-13,4,89.93,359.72,Tarjeta de crédito,Completada
1780,362,118,2024-10-13,4,34.12,136.48,Tarjeta de débito,Completada
2644,125,44,2024-10-14,1,85.25,85.25,Tarjeta de crédito,Completada
344,401,32,2024-10-14,2,50.69,101.38,Billetera virtual,Completada
193,96,87,2024-10-14,4,167.49,669.96,Tarjeta de débito,Completada
2983,328,60,2024-10-15,1,176.61,176.61,Tarjeta de débito,Cancelada
2087,480,7,2024-10-15,4,44.62,178.48,Tarjeta de crédito,Completada
1904,428,101,2024-10-16,2,27.42,54.84,Tarjeta de crédito,Completada
526,196,133,2024-10-16,3,713.32,2139.96,Tarjeta de crédito,Completada
1559,180,146,2024-10-16,4,183.15,732.6,Billetera virtual,Completada
2487,180,65,2024-10-16,2,88.86,177.72,Tarjeta de crédito,Completada
855,295,125,2024-10-16,4,116.4,465.6,Tarjeta de crédito,Completada
2660,199,13,2024-10-16,4,218.14,872.56,Billetera virtual,Completada
2341,169,133,2024-10-16,2,713.32,1426.64,Tarjeta de débito,Completada
3000,38,27,2024-10-17,3,53.58,160.74,Tarjeta de crédito,Completada
819,258,76,2024-10-17,4,111.18,444.72,Tarjeta de crédito,Completada
343,47,8,2024-10-17,3,129.5,388.5,Transferencia,Completada
2073,361,135,2024-10-18,1,167.67,167.67,Tarjeta de crédito,Completada
2640,107,1,2024-10-18,1,11.53,11.53,Transferencia,Completada
1149,219,116,2024-10-18,4,112.36,449.44,Tarjeta de crédito,Completada
1911,391,142,2024-10-18,2,641.1,1282.2,Tarjeta de débito,Completada
2802,163,39,2024-10-19,3,459.22,1377.66,Billetera virtual,Completada
1536,100,16,2024-10-19,4,188.57,754.28,Billetera virtual,Completada
1375,480,113,2024-10-19,4,261.05,1044.2,Tarjeta de crédito,Completada
151,465,42,2024-10-19,1,136.43,136.43,Tarjeta de débito,Completada
2581,294,78,2024-10-20,3,273.68,821.04,Tarjeta de crédito,Completada
2787,281,6,2024-10-20,3,134.96,404.88,Tarjeta de crédito,Completada
1561,318,138,2024-10-21,1,10.96,10.96,Tarjeta de crédito,Completada
2475,325,133,2024-10-21,4,713.32,2853.28,Tarjeta de crédito,Completada
1166,438,25,2024-10-21,4,76.75,307.0,Transferencia,Completada
2495,475,101,2024-10-21,3,27.42,82.26,Tarjeta de crédito,Completada
1781,240,132,2024-10-21,2,139.77,279.54,Tarjeta de débito,Completada
1591,421,67,2024-10-22,4,17.83,71.32,Transferencia,Completada
972,42,37,2024-10-25,3,297.6,892.8,Tarjeta de crédito,Cancelada
162,238,38,2024-10-25,4,93.08,372.32,Transferencia,Completada
1689,408,23,2024-10-25,3,824.07,2472.21,Tarjeta de crédito,Completada
2606,134,7,2024-10-25,2,44.62,89.24,Tarjeta de débito,Completada
407,437,75,2024-10-26,4,142.36,569.44,Tarjeta de crédito,Completada
2909,114,97,2024-10-26,4,578.69,2314.76,Billetera virtual,Completada
1291,62,55,2024-10-26,1,844.98,844.98,Tarjeta de crédito,Completada
138,42,89,2024-10-26,1,149.38,149.38,Tarjeta de crédito,Completada
1987,112,42,2024-10-26,3,136.43,409.29,Tarjeta de crédito,Completada
116,303,115,2024-10-27,2,384.44,768.88,Tarjeta de crédito,Completada
210,256,131,2024-10-27,4,114.24,456.96,Billetera virtual,Completada
877,441,44,2024-10-27,2,85.25,170.5,Tarjeta de débito,Completada
667,42,37,2024-10-28,3,297.6,892.8,Billetera virtual,Completada
1449,83,38,2024-10-29,3,93.08,279.24,Billetera virtual,Completada
134,412,135,2024-10-29,3,167.67,503.01,Tarjeta de débito,Completada
135,101,89,2024-10-29,4,149.38,597.52,Billetera virtual,Completada
1004,7,16,2024-10-30,1,188.57,188.57,Tarjeta de crédito,Completada
1408,355,61,2024-10-30,4,52.25,209.0,Tarjeta de crédito,Completada
1882,101,47,2024-10-30,4,63.67,254.68,Tarjeta de crédito,Completada
2996,396,42,2024-10-30,2,136.43,272.86,Billetera virtual,Completada
1707,338,31,2024-10-30,3,72.17,216.51,Tarjeta de crédito,Completada
2722,203,59,2024-10-30,4,199.85,799.4,Tarjeta de débito,Completada
1205,166,18,2024-10-31,3,213.72,641.16,Tarjeta de crédito,Completada
2511,500,38,2024-10-31,3,93.08,279.24,Tarjeta de crédito,Completada
2481,69,148,2024-10-31,1,273.49,273.49,Tarjeta de crédito,Completada
1436,35,124,2024-10-31,2,37.77,75.54,Tarjeta de débito,Completada
2968,40,106,2024-11-01,2,923.88,1847.76,Tarjeta de débito,Completada
54,240,63,2024-11-01,2,41.74,83.48,Tarjeta de crédito,Completada
1510,122,64,2024-11-01,1,97.83,97.83,Tarjeta de crédito,Completada
234,117,118,2024-11-01,2,34.12,68.24,Transferencia,Completada
2286,286,142,2024-11-01,3,641.1,1923.3,Tarjeta de crédito,Completada
2195,324,25,2024-11-01,1,76.75,76.75,Billetera virtual,Completada
1388,78,85,2024-11-01,3,839.71,2519.13,Billetera virtual,Completada
1784,210,116,2024-11-02,3,112.36,337.08,Tarjeta de crédito,Completada
180,423,32,2024-11-02,2,50.69,101.38,Tarjeta de débito,Completada
1216,327,50,2024-11-02,1,169.82,169.82,Tarjeta de crédito,Completada
1523,467,68,2024-11-03,3,109.08,327.24,Tarjeta de crédito,Completada
2167,4,142,2024-11-03,3,641.1,1923.3,Transferencia,Completada
1271,334,90,2024-11-03,3,52.39,157.17,Tarjeta de débito,Completada
1059,404,121,2024-11-03,2,58.56,117.12,Tarjeta de débito,Completada
2010,110,102,2024-11-03,2,275.73,551.46,Tarjeta de crédito,Completada
2546,48,145,2024-11-03,4,1036.09,4144.36,Tarjeta de crédito,Completada
715,250,89,2024-11-03,3,149.38,448.14,Tarjeta de débito,Completada
1448,85,9,2024-11-04,2,280.94,561.88,Billetera virtual,Completada
2266,260,21,2024-11-04,4,441.16,1764.64,Tarjeta de crédito,Completada
1665,462,57,2024-11-04,1,34.93,34.93,Tarjeta de débito,Completada
1847,404,133,2024-11-04,1,713.32,713.32,Tarjeta de crédito,Completada
2572,249,107,2024-11-04,2,241.46,482.92,Tarjeta de crédito,Completada
2040,157,50,2024-11-04,3,169.82,509.46,Tarjeta de débito,Completada
1104,355,15,2024-11-04,3,75.43,226.29,Tarjeta de crédito,Completada
2560,314,50,2024-11-04,4,169.82,679.28,Tarjeta de débito,Completada
1259,73,46,2024-11-05,3,458.9,1376.7,Tarjeta de crédito,Completada
2882,415,96,2024-11-05,4,89.93,359.72,Tarjeta de crédito,Completada
2328,275,75,2024-11-05,1,142.36,142.36,Tarjeta de crédito,Completada
1709,47,45,2024-11-05,1,85.76,85.76,Tarjeta de débito,Completada
1476,245,120,2024-11-05,1,206.18,206.18,Transferencia,Completada
1760,36,118,2024-11-05,2,34.12,68.24,Transferencia,Completada
2604,33,5,2024-11-05,3,320.02,960.06,Tarjeta de crédito,Completada
830,412,119,2024-11-05,2,350.27,700.54,Tarjeta de crédito,Completada
1628,43,33,2024-11-05,2,193.34,386.68,Transferencia,Completada
2687,337,26,2024-11-05,1,171.04,171.04,Tarjeta de crédito,Completada
2634,382,114,2024-11-06,1,362.33,362.33,Tarjeta de débito,Completada
2260,158,28,2024-11-06,4,170.65,682.6,Tarjeta de crédito,Completada
2627,61,11,2024-11-06,1,221.91,221.91,Billetera virtual,Completada
2186,238,56,2024-11-06,4,1008.65,4034.6,Billetera virtual,Completada
1608,215,143,2024-11-06,1,248.99,248.99,Tarjeta de débito,Completada
2966,39,26,2024-11-06,2,171.04,342.08,Transferencia,Completada
1241,357,87,2024-11-06,4,167.49,669.96,Tarjeta de crédito,Completada
1364,140,40,2024-11-06,1,130.98,130.98,Transferencia,Completada
1697,59,127,2024-11-06,3,354.42,1063.26,Tarjeta de crédito,Completada
1873,498,114,2024-11-07,2,362.33,724.66,Tarjeta de crédito,Completada
496,475,135,2024-11-07,3,167.67,503.01,Tarjeta de débito,Completada
2185,335,1,2024-11-07,3,11.53,34.59,Tarjeta de débito,Completada
2115,160,70,2024-11-07,4,99.49,397.96,Tarjeta de crédito,Completada
2919,396,58,2024-11-08,1,112.95,112.95,Billetera virtual,Cancelada
1431,375,146,2024-11-08,3,183.15,549.45,Transferencia,Completada
2711,11,127,2024-11-08,3,354.42,1063.26,Tarjeta de débito,Completada
1079,249,10,2024-11-08,3,146.44,439.32,Billetera virtual,Completada
2490,101,108,2024-11-08,3,340.46,1021.38,Tarjeta de crédito,Completada
2713,210,28,2024-11-08,1,170.65,170.65,Tarjeta de crédito,Completada
184,248,72,2024-11-08,4,91.98,367.92,Transferencia,Completada
908,308,98,2024-11-08,3,265.91,797.73,Tarjeta de crédito,Completada
2113,356,95,2024-11-08,3,127.07,381.21,Tarjeta de crédito,Completada
2617,11,15,2024-11-08,4,75.43,301.72,Tarjeta de débito,Cancelada
1858,364,147,2024-11-08,3,907.87,2723.61,Tarjeta de crédito,Completada
978,472,107,2024-11-09,2,241.46,482.92,Billetera virtual,Completada
1267,69,30,2024-11-09,3,221.66,664.98,Billetera virtual,Completada
1010,407,11,2024-11-09,4,221.91,887.64,Tarjeta de crédito,Completada
1540,115,6,2024-11-09,1,134.96,134.96,Tarjeta de crédito,Cancelada
1427,41,44,2024-11-10,1,85.25,85.25,Billetera virtual,Completada
1564,138,106,2024-11-10,1,923.88,923.88,Tarjeta de débito,Completada
1301,258,26,2024-11-10,3,171.04,513.12,Billetera virtual,Completada
114,286,73,2024-11-10,1,62.82,62.82,Tarjeta de crédito,Completada
1192,463,133,2024-11-10,1,713.32,713.32,Tarjeta de crédito,Completada
1632,58,17,2024-11-11,4,111.6,446.4,Tarjeta de crédito,Completada
975,121,30,2024-11-11,1,221.66,221.66,Tarjeta de crédito,Completada
2119,95,144,2024-11-11,4,46.23,184.92,Tarjeta de crédito,Completada
124,2,135,2024-11-11,1,167.67,167.67,Tarjeta de crédito,Completada
1034,399,32,2024-11-11,3,50.69,152.07,Tarjeta de crédito,Completada
2780,76,134,2024-11-11,2,24.19,48.38,Tarjeta de débito,Completada
2910,108,78,2024-11-11,3,273.68,821.04,Tarjeta de débito,Completada
2483,61,123,2024-11-12,3,78.6,235.8,Tarjeta de débito,Completada
760,375,145,2024-11-12,2,1036.09,2072.18,Tarjeta de crédito,Completada
719,308,110,2024-11-12,3,124.7,374.1,Billetera virtual,Completada
97,276,81,2024-11-12,3,1144.0,3432.0,Billetera virtual,Completada
2261,241,12,2024-11-12,4,20.02,80.08,Tarjeta de débito,Completada
147,493,65,2024-11-12,3,88.86,266.58,Tarjeta de débito,Completada
893,292,46,2024-11-13,4,458.9,1835.6,Tarjeta de débito,Completada
2625,338,136,2024-11-13,1,355.5,355.5,Tarjeta de crédito,Completada
1486,212,13,2024-11-13,1,218.14,218.14,Tarjeta de crédito,Completada
2034,126,74,2024-11-13,4,650.9,2603.6,Tarjeta de débito,Completada
1656,1,6,2024-11-13,3,134.96,404.88,Billetera virtual,Completada
1790,444,136,2024-11-13,2,355.5,711.0,Billetera virtual,Cancelada
1880,431,147,2024-11-13,1,907.87,907.87,Tarjeta de crédito,Completada
1714,446,6,2024-11-13,2,134.96,269.92,Tarjeta de crédito,Completada
62,203,124,2024-11-13,1,37.77,37.77,Tarjeta de crédito,Completada
1808,72,10,2024-11-14,3,146.44,439.32,Tarjeta de crédito,Completada
341,234,114,2024-11-14,4,362.33,1449.32,Tarjeta de débito,Completada
1459,500,23,2024-11-14,4,824.07,3296.28,Tarjeta de crédito,Completada
751,141,34,2024-11-14,1,218.05,218.05,Tarjeta de débito,Completada
2633,199,47,2024-11-15,2,63.67,127.34,Tarjeta de crédito,Completada
1485,466,148,2024-11-15,2,273.49,546.98,Tarjeta de débito,Completada
2653,179,73,2024-11-15,4,62.82,251.28,Tarjeta de débito,Completada
1789,288,52,2024-11-15,1,83.1,83.1,Tarjeta de crédito,Completada
1130,268,1,2024-11-15,1,11.53,11.53,Billetera virtual,Completada
2558,492,70,2024-11-15,1,99.49,99.49,Transferencia,Completada
182,186,37,2024-11-15,3,297.6,892.8,Billetera virtual,Completada
2794,155,13,2024-11-15,1,218.14,218.14,Transferencia,Completada
1887,345,6,2024-11-15,3,134.96,404.88,Tarjeta de débito,Completada
98,63,114,2024-11-15,3,362.33,1086.99,Tarjeta de débito,Completada
1280,190,26,2024-11-16,4,171.04,684.16,Tarjeta de crédito,Completada
1818,322,122,2024-11-16,3,140.01,420.03,Tarjeta de débito,Completada
1187,468,118,2024-11-16,3,34.12,102.36,Tarjeta de débito,Completada
2463,228,79,2024-11-16,1,409.24,409.24,Tarjeta de crédito,Completada
634,148,48,2024-11-16,4,97.9,391.6,Tarjeta de crédito,Completada
850,260,49,2024-11-16,3,190.42,571.26,Tarjeta de débito,Completada
967,28,122,2024-11-16,3,140.01,420.03,Billetera virtual,Completada
2174,33,146,2024-11-16,3,183.15,549.45,Tarjeta de débito,Completada
461,92,140,2024-11-16,1,580.95,580.95,Tarjeta de crédito,Completada
921,291,144,2024-11-17,2,46.23,92.46,Tarjeta de débito,Cancelada
1138,77,93,2024-11-17,3,260.51,781.53,Transferencia,Completada
2434,43,40,2024-11-17,4,130.98,523.92,Tarjeta de crédito,Completada
1817,304,88,2024-11-17,3,53.48,160.44,Tarjeta de crédito,Completada
2786,123,28,2024-11-17,2,170.65,341.3,Tarjeta de débito,Completada
821,219,17,2024-11-17,1,111.6,111.6,Tarjeta de crédito,Completada
870,210,94,2024-11-17,1,83.73,83.73,Transferencia,Completada
2326,266,96,2024-11-17,1,89.93,89.93,Tarjeta de crédito,Completada
2705,305,85,2024-11-17,1,839.71,839.71,Tarjeta de crédito,Cancelada
1649,224,109,2024-11-17,1,34.85,34.85,Tarjeta de débito,Completada
2663,170,49,2024-11-17,3,190.42,571.26,Tarjeta de crédito,Completada
1454,417,45,2024-11-17,2,85.76,171.52,Tarjeta de crédito,Completada
1747,475,72,2024-11-17,4,91.98,367.92,Tarjeta de crédito,Completada
2927,231,149,2024-11-17,2,163.12,326.24,Tarjeta de débito,Completada
1156,121,144,2024-11-17,1,46.23,46.23,Tarjeta de crédito,Completada
2665,183,135,2024-11-17,4,167.67,670.68,Tarjeta de débito,Completada
400,282,53,2024-11-18,4,317.15,1268.6,Transferencia,Completada
1325,38,37,2024-11-18,4,297.6,1190.4,Tarjeta de crédito,Completada
984,498,26,2024-11-18,4,171.04,684.16,Transferencia,Completada
1732,49,133,2024-11-18,1,713.32,713.32,Billetera virtual,Completada
2358,216,2,2024-11-19,2,148.77,297.54,Billetera virtual,Completada
919,64,113,2024-11-19,4,261.05,1044.2,Tarjeta de crédito,Completada
1482,470,17,2024-11-19,3,111.6,334.8,Tarjeta de crédito,Completada
2998,187,100,2024-11-20,2,270.08,540.16,Billetera virtual,Completada
2679,342,19,2024-11-20,3,92.82,278.46,Tarjeta de crédito,Completada
55,307,100,2024-11-20,4,270.08,1080.32,Tarjeta de crédito,Completada
374,54,109,2024-11-20,1,34.85,34.85,Tarjeta de débito,Cancelada
406,455,112,2024-11-21,2,79.2,158.4,Billetera virtual,Completada
1020,231,120,2024-11-21,2,206.18,412.36,Tarjeta de crédito,Completada
2230,47,44,2024-11-21,4,85.25,341.0,Transferencia,Completada
1099,488,44,2024-11-21,2,85.25,170.5,Tarjeta de crédito,Completada
738,11,9,2024-11-21,4,280.94,1123.76,Tarjeta de débito,Completada
2347,21,146,2024-11-21,3,183.15,549.45,Tarjeta de débito,Completada
1118,211,42,2024-11-21,3,136.43,409.29,Transferencia,Completada
1056,54,29,2024-11-22,3,240.3,720.9,Tarjeta de débito,Completada
969,381,134,2024-11-22,2,24.19,48.38,Tarjeta de crédito,Completada
2791,291,135,2024-11-22,3,167.67,503.01,Tarjeta de débito,Completada
2955,479,114,2024-11-22,1,362.33,362.33,Tarjeta de crédito,Completada
2324,255,25,2024-11-22,2,76.75,153.5,Transferencia,Completada
375,366,12,2024-11-22,4,20.02,80.08,Billetera virtual,Completada
1313,186,71,2024-11-23,3,98.46,295.38,Tarjeta de débito,Completada
1768,101,114,2024-11-23,1,362.33,362.33,Billetera virtual,Completada
642,232,28,2024-11-23,4,170.65,682.6,Tarjeta de débito,Completada
2712,256,29,2024-11-23,3,240.3,720.9,Tarjeta de débito,Completada
1588,271,136,2024-11-23,1,355.5,355.5,Tarjeta de crédito,Completada
412,275,127,2024-11-23,4,354.42,1417.68,Transferencia,Completada
333,291,92,2024-11-23,2,96.79,193.58,Tarjeta de crédito,Completada
1753,190,72,2024-11-23,4,91.98,367.92,Tarjeta de crédito,Completada
1960,189,105,2024-11-23,1,61.73,61.73,Tarjeta de crédito,Completada
913,489,65,2024-11-23,3,88.86,266.58,Billetera virtual,Completada
776,65,120,2024-11-24,4,206.18,824.72,Tarjeta de débito,Completada
1963,364,53,2024-11-24,1,317.15,317.15,Tarjeta de débito,Completada
2592,47,56,2024-11-25,3,1008.65,3025.95,Transferencia,Completada
1348,111,142,2024-11-25,3,641.1,1923.3,Tarjeta de crédito,Completada
1164,10,43,2024-11-25,2,296.19,592.38,Tarjeta de débito,Completada
470,212,46,2024-11-25,1,458.9,458.9,Tarjeta de débito,Completada
953,362,72,2024-11-25,3,91.98,275.94,Billetera virtual,Completada
82,258,87,2024-11-25,4,167.49,669.96,Tarjeta de débito,Completada
44,261,84,2024-11-25,3,114.71,344.13,Billetera virtual,Completada
1793,60,24,2024-11-25,4,231.71,926.84,Tarjeta de crédito,Completada
1896,358,46,2024-11-25,3,458.9,1376.7,Tarjeta de débito,Completada
2569,401,98,2024-11-25,4,265.91,1063.64,Tarjeta de débito,Completada
793,7,53,2024-11-25,1,317.15,317.15,Tarjeta de crédito,Completada
1674,36,84,2024-11-26,1,114.71,114.71,Tarjeta de crédito,Completada
1417,206,21,2024-11-26,4,441.16,1764.64,Billetera virtual,Completada
1699,434,119,2024-11-26,1,350.27,350.27,Tarjeta de crédito,Completada
2084,96,30,2024-11-26,4,221.66,886.64,Billetera virtual,Completada
2814,240,138,2024-11-27,3,10.96,32.88,Tarjeta de débito,Completada
486,244,23,2024-11-27,2,824.07,1648.14,Tarjeta de crédito,Completada
2729,151,123,2024-11-27,3,78.6,235.8,Billetera virtual,Completada
438,107,130,2024-11-27,3,68.82,206.46,Tarjeta de crédito,Completada
28,120,94,2024-11-27,4,83.73,334.92,Tarjeta de débito,Completada
2689,317,142,2024-11-27,2,641.1,1282.2,Billetera virtual,Completada
833,61,55,2024-11-28,1,844.98,844.98,Billetera virtual,Completada
2206,423,35,2024-11-28,2,840.54,1681.08,Transferencia,Completada
2775,453,11,2024-11-28,2,221.91,443.82,Billetera virtual,Completada
2863,58,90,2024-11-28,3,52.39,157.17,Tarjeta de crédito,Completada
2508,430,111,2024-11-28,2,312.56,625.12,Tarjeta de crédito,Completada
197,218,87,2024-11-29,4,167.49,669.96,Tarjeta de crédito,Completada
2806,24,119,2024-11-29,3,350.27,1050.81,Transferencia,Completada
2076,190,122,2024-11-29,4,140.01,560.04,Tarjeta de débito,Completada
2632,42,130,2024-11-29,2,68.82,137.64,Tarjeta de débito,Completada
2012,206,18,2024-11-30,3,213.72,641.16,Tarjeta de crédito,Completada
2880,494,49,2024-11-30,1,190.42,190.42,Transferencia,Cancelada
2667,274,89,2024-11-30,3,149.38,448.14,Tarjeta de crédito,Completada
144,385,8,2024-11-30,1,129.5,129.5,Transferencia,Completada
2101,408,105,2024-11-30,4,61.73,246.92,Billetera virtual,Completada
127,131,116,2024-11-30,4,112.36,449.44,Tarjeta de crédito,Completada
2023,392,28,2024-11-30,3,170.65,511.95,Tarjeta de crédito,Completada
1912,318,113,2024-12-01,2,261.05,522.1,Tarjeta de crédito,Completada
1550,345,35,2024-12-01,1,840.54,840.54,Tarjeta de crédito,Completada
1065,174,58,2024-12-01,4,112.95,451.8,Transferencia,Completada
31,272,111,2024-12-01,4,312.56,1250.24,Tarjeta de crédito,Completada
2234,205,102,2024-12-02,1,275.73,275.73,Billetera virtual,Completada
2403,494,11,2024-12-02,2,221.91,443.82,Tarjeta de débito,Completada
1999,176,74,2024-12-02,1,650.9,650.9,Tarjeta de crédito,Completada
2321,129,65,2024-12-02,2,88.86,177.72,Tarjeta de crédito,Completada
2006,304,144,2024-12-02,1,46.23,46.23,Tarjeta de débito,Completada
393,60,51,2024-12-02,3,139.26,417.78,Transferencia,Completada
379,372,114,2024-12-02,3,362.33,1086.99,Transferencia,Completada
2852,305,118,2024-12-02,3,34.12,102.36,Tarjeta de débito,Completada
84,218,1,2024-12-03,4,11.53,46.12,Tarjeta de débito,Completada
2381,264,31,2024-12-03,4,72.17,288.68,Tarjeta de crédito,Completada
2838,211,90,2024-12-04,2,52.39,104.78,Tarjeta de débito,Completada
1328,391,100,2024-12-04,1,270.08,270.08,Tarjeta de débito,Completada
1516,425,101,2024-12-04,1,27.42,27.42,Tarjeta de crédito,Completada
121,360,57,2024-12-04,1,34.93,34.93,Transferencia,Completada
2621,345,45,2024-12-04,2,85.76,171.52,Tarjeta de crédito,Completada
1011,256,28,2024-12-04,3,170.65,511.95,Tarjeta de crédito,Completada
720,186,28,2024-12-04,3,170.65,511.95,Tarjeta de crédito,Completada
2887,472,140,2024-12-05,4,580.95,2323.8,Tarjeta de débito,Completada
2027,159,37,2024-12-05,2,297.6,595.2,Transferencia,Completada
1350,253,106,2024-12-05,1,923.88,923.88,Tarjeta de crédito,Completada
75,492,50,2024-12-05,4,169.82,679.28,Transferencia,Completada
446,449,137,2024-12-05,2,245.63,491.26,Tarjeta de crédito,Completada
437,461,107,2024-12-05,2,241.46,482.92,Tarjeta de crédito,Completada
1659,257,98,2024-12-06,2,265.91,531.82,Transferencia,Completada
512,266,101,2024-12-06,1,27.42,27.42,Tarjeta de crédito,Completada
533,2,131,2024-12-06,1,114.24,114.24,Transferencia,Completada
628,202,82,2024-12-06,4,106.99,427.96,Transferencia,Completada
2377,427,41,2024-12-06,4,165.53,662.12,Tarjeta de crédito,Completada
1498,172,86,2024-12-06,4,213.88,855.52,Billetera virtual,Completada
1973,424,97,2024-12-07,1,578.69,578.69,Tarjeta de crédito,Completada
2582,390,116,2024-12-07,1,112.36,112.36,Tarjeta de crédito,Completada
971,33,131,2024-12-07,4,114.24,456.96,Tarjeta de crédito,Completada
1513,393,50,2024-12-07,3,169.82,509.46,Tarjeta de débito,Completada
1800,305,147,2024-12-07,1,907.87,907.87,Tarjeta de crédito,Completada
316,368,101,2024-12-07,1,27.42,27.42,Tarjeta de débito,Completada
2343,302,41,2024-12-08,2,165.53,331.06,Billetera virtual,Completada
1991,328,70,2024-12-08,1,99.49,99.49,Transferencia,Completada
2538,330,35,2024-12-08,3,840.54,2521.62,Tarjeta de débito,Completada
159,214,149,2024-12-08,2,163.12,326.24,Tarjeta de crédito,Completada
246,289,150,2024-12-08,4,63.38,253.52,Tarjeta de crédito,Completada
356,253,67,2024-12-08,3,17.83,53.49,Tarjeta de crédito,Completada
1122,138,87,2024-12-08,4,167.49,669.96,Transferencia,Completada
1377,21,104,2024-12-08,1,85.81,85.81,Tarjeta de débito,Completada
272,114,57,2024-12-08,3,34.93,104.79,Tarjeta de débito,Completada
2354,75,36,2024-12-09,4,55.34,221.36,Tarjeta de crédito,Completada
1058,45,17,2024-12-09,3,111.6,334.8,Tarjeta de débito,Completada
1489,261,132,2024-12-09,4,139.77,559.08,Tarjeta de crédito,Completada
1450,63,135,2024-12-09,3,167.67,503.01,Tarjeta de débito,Completada
1819,330,73,2024-12-09,2,62.82,125.64,Tarjeta de crédito,Completada
1661,314,10,2024-12-09,3,146.44,439.32,Tarjeta de crédito,Completada
664,177,33,2024-12-10,3,193.34,580.02,Tarjeta de débito,Completada
2876,311,80,2024-12-10,2,79.9,159.8,Tarjeta de débito,Completada
954,334,134,2024-12-10,1,24.19,24.19,Transferencia,Completada
744,121,62,2024-12-10,2,127.13,254.26,Tarjeta de débito,Completada
2571,33,84,2024-12-10,4,114.71,458.84,Tarjeta de débito,Completada
221,353,28,2024-12-10,2,170.65,341.3,Tarjeta de débito,Completada
1177,191,150,2024-12-10,1,63.38,63.38,Tarjeta de crédito,Completada
2411,346,136,2024-12-10,3,355.5,1066.5,Tarjeta de crédito,Completada
1888,480,63,2024-12-10,4,41.74,166.96,Tarjeta de débito,Completada
307,271,133,2024-12-11,3,713.32,2139.96,Tarjeta de débito,Completada
1044,340,61,2024-12-11,1,52.25,52.25,Transferencia,Completada
2279,444,6,2024-12-11,3,134.96,404.88,Transferencia,Completada
889,197,124,2024-12-11,4,37.77,151.08,Transferencia,Completada
1872,305,125,2024-12-12,1,116.4,116.4,Tarjeta de débito,Completada
2566,131,108,2024-12-12,2,340.46,680.92,Tarjeta de crédito,Completada
471,220,91,2024-12-12,2,1005.99,2011.98,Tarjeta de crédito,Completada
211,159,147,2024-12-12,4,907.87,3631.48,Billetera virtual,Completada
348,234,138,2024-12-12,4,10.96,43.84,Tarjeta de crédito,Completada
737,114,102,2024-12-12,1,275.73,275.73,Tarjeta de débito,Completada
1889,363,100,2024-12-12,3,270.08,810.24,Transferencia,Completada
706,131,41,2024-12-12,3,165.53,496.59,Tarjeta de débito,Completada
1295,269,40,2024-12-12,4,130.98,523.92,Tarjeta de débito,Completada
1556,156,33,2024-12-12,4,193.34,773.36,Tarjeta de crédito,Completada
1321,390,7,2024-12-12,4,44.62,178.48,Tarjeta de crédito,Completada
2054,457,59,2024-12-13,1,199.85,199.85,Tarjeta de crédito,Completada
2005,243,97,2024-12-13,1,578.69,578.69,Tarjeta de débito,Completada
57,356,119,2024-12-13,4,350.27,1401.08,Tarjeta de débito,Completada
15,114,150,2024-12-13,2,63.38,126.76,Tarjeta de crédito,Cancelada
1447,166,112,2024-12-13,4,79.2,316.8,Tarjeta de débito,Completada
2263,214,43,2024-12-13,2,296.19,592.38,Tarjeta de crédito,Cancelada
1126,134,127,2024-12-13,2,354.42,708.84,Tarjeta de crédito,Completada
2408,8,105,2024-12-14,2,61.73,123.46,Billetera virtual,Completada
2144,145,105,2024-12-14,1,61.73,61.73,Tarjeta de crédito,Completada
1359,397,111,2024-12-14,2,312.56,625.12,Tarjeta de crédito,Completada
2374,314,64,2024-12-14,2,97.83,195.66,Tarjeta de crédito,Completada
685,227,125,2024-12-14,3,116.4,349.2,Tarjeta de débito,Completada
1212,183,50,2024-12-14,4,169.82,679.28,Transferencia,Completada
2550,108,29,2024-12-14,2,240.3,480.6,Tarjeta de débito,Completada
2697,467,6,2024-12-14,1,134.96,134.96,Tarjeta de crédito,Completada
557,93,65,2024-12-14,2,88.86,177.72,Tarjeta de crédito,Completada
1806,161,124,2024-12-14,3,37.77,113.31,Tarjeta de débito,Completada
2080,434,4,2024-12-14,4,87.74,350.96,Tarjeta de débito,Completada
734,472,85,2024-12-15,3,839.71,2519.13,Transferencia,Completada
2198,443,72,2024-12-15,4,91.98,367.92,Tarjeta de débito,Completada
867,283,145,2024-12-15,2,1036.09,2072.18,Billetera virtual,Completada
1852,350,119,2024-12-15,2,350.27,700.54,Transferencia,Completada
2162,476,149,2024-12-15,1,163.12,163.12,Billetera virtual,Completada
1060,119,30,2024-12-16,2,221.66,443.32,Tarjeta de crédito,Completada
1738,340,109,2024-12-16,3,34.85,104.55,Tarjeta de débito,Completada
1717,254,99,2024-12-16,4,530.66,2122.64,Tarjeta de crédito,Completada
2325,293,34,2024-12-16,2,218.05,436.1,Tarjeta de débito,Completada
806,159,61,2024-12-16,4,52.25,209.0,Tarjeta de débito,Completada
2300,357,33,2024-12-17,4,193.34,773.36,Tarjeta de débito,Completada
1352,456,40,2024-12-17,4,130.98,523.92,Tarjeta de crédito,Completada
528,4,72,2024-12-18,1,91.98,91.98,Billetera virtual,Completada
2822,138,43,2024-12-18,3,296.19,888.57,Tarjeta de crédito,Completada
186,263,36,2024-12-18,1,55.34,55.34,Tarjeta de crédito,Completada
839,196,144,2024-12-18,1,46.23,46.23,Transferencia,Completada
632,232,115,2024-12-18,4,384.44,1537.76,Tarjeta de crédito,Completada
963,459,109,2024-12-18,2,34.85,69.7,Billetera virtual,Completada
2750,274,30,2024-12-18,3,221.66,664.98,Billetera virtual,Completada
700,355,139,2024-12-18,4,75.42,301.68,Tarjeta de crédito,Completada
1842,32,39,2024-12-18,1,459.22,459.22,Tarjeta de crédito,Completada
1089,90,79,2024-12-18,4,409.24,1636.96,Tarjeta de débito,Completada
1528,132,142,2024-12-18,1,641.1,641.1,Tarjeta de crédito,Completada
771,398,140,2024-12-18,3,580.95,1742.85,Tarjeta de débito,Completada
1264,117,41,2024-12-18,2,165.53,331.06,Transferencia,Completada
1114,3,139,2024-12-19,1,75.42,75.42,Tarjeta de débito,Completada
1040,228,24,2024-12-19,1,231.71,231.71,Tarjeta de crédito,Completada
2106,451,116,2024-12-19,1,112.36,112.36,Tarjeta de crédito,Completada
1039,135,24,2024-12-19,1,231.71,231.71,Transferencia,Completada
1929,119,1,2024-12-19,2,11.53,23.06,Tarjeta de débito,Completada
753,62,71,2024-12-20,1,98.46,98.46,Tarjeta de crédito,Completada
1762,217,91,2024-12-20,1,1005.99,1005.99,Tarjeta de débito,Completada
2529,408,136,2024-12-21,1,355.5,355.5,Tarjeta de crédito,Completada
1995,30,147,2024-12-21,4,907.87,3631.48,Tarjeta de débito,Completada
1242,62,93,2024-12-21,1,260.51,260.51,Tarjeta de débito,Completada
727,54,105,2024-12-21,1,61.73,61.73,Tarjeta de crédito,Completada
581,179,150,2024-12-21,4,63.38,253.52,Tarjeta de crédito,Completada
2977,207,103,2024-12-22,2,535.68,1071.36,Tarjeta de crédito,Completada
332,190,15,2024-12-22,4,75.43,301.72,Tarjeta de crédito,Completada
385,14,2,2024-12-22,2,148.77,297.54,Tarjeta de crédito,Completada
670,407,112,2024-12-22,1,79.2,79.2,Billetera virtual,Completada
2128,495,51,2024-12-22,2,139.26,278.52,Transferencia,Completada
2154,496,140,2024-12-22,1,580.95,580.95,Billetera virtual,Completada
2281,401,31,2024-12-23,3,72.17,216.51,Tarjeta de crédito,Completada
2242,492,144,2024-12-23,3,46.23,138.69,Tarjeta de crédito,Completada
1930,23,26,2024-12-23,4,171.04,684.16,Tarjeta de crédito,Completada
1565,101,119,2024-12-23,1,350.27,350.27,Transferencia,Completada
1825,54,56,2024-12-23,4,1008.65,4034.6,Tarjeta de crédito,Completada
568,8,127,2024-12-24,3,354.42,1063.26,Tarjeta de débito,Completada
1405,211,96,2024-12-24,4,89.93,359.72,Tarjeta de crédito,Completada
1386,164,102,2024-12-24,4,275.73,1102.92,Tarjeta de débito,Completada
1380,413,52,2024-12-24,2,83.1,166.2,Billetera virtual,Completada
1885,142,89,2024-12-24,2,149.38,298.76,Tarjeta de débito,Completada
1752,255,1,2024-12-24,1,11.53,11.53,Tarjeta de crédito,Completada
2987,435,98,2024-12-24,1,265.91,265.91,Tarjeta de débito,Completada
725,96,59,2024-12-24,3,199.85,599.55,Tarjeta de crédito,Completada
164,206,21,2024-12-25,2,441.16,882.32,Tarjeta de crédito,Completada
41,197,9,2024-12-25,2,280.94,561.88,Tarjeta de crédito,Completada
1645,120,1,2024-12-26,1,11.53,11.53,Tarjeta de crédito,Completada
1940,261,145,2024-12-26,3,1036.09,3108.27,Transferencia,Completada
90,65,131,2024-12-26,4,114.24,456.96,Tarjeta de débito,Completada
392,333,147,2024-12-27,1,907.87,907.87,Tarjeta de crédito,Completada
2516,265,150,2024-12-27,2,63.38,126.76,Tarjeta de crédito,Completada
803,368,50,2024-12-27,3,169.82,509.46,Transferencia,Completada
1686,439,23,2024-12-27,3,824.07,2472.21,Tarjeta de crédito,Completada
732,235,76,2024-12-28,1,111.18,111.18,Tarjeta de débito,Completada
1585,241,93,2024-12-28,4,260.51,1042.04,Transferencia,Completada
1009,182,8,2024-12-28,2,129.5,259.0,Tarjeta de crédito,Completada
2239,404,74,2024-12-28,2,650.9,1301.8,Tarjeta de débito,Completada
2135,70,122,2024-12-28,2,140.01,280.02,Billetera virtual,Completada
2525,217,22,2024-12-28,3,383.43,1150.29,Tarjeta de crédito,Completada
2177,258,137,2024-12-28,4,245.63,982.52,Tarjeta de crédito,Completada
1592,203,138,2024-12-29,3,10.96,32.88,Tarjeta de débito,Completada
994,55,26,2024-12-29,4,171.04,684.16,Tarjeta de crédito,Completada
1629,470,69,2024-12-29,3,787.04,2361.12,Tarjeta de crédito,Completada
2041,190,111,2024-12-29,1,312.56,312.56,Tarjeta de crédito,Completada
872,8,118,2024-12-29,3,34.12,102.36,Billetera virtual,Completada
291,387,55,2024-12-29,2,844.98,1689.96,Billetera virtual,Completada
2598,487,25,2024-12-29,1,76.75,76.75,Transferencia,Completada
1076,448,101,2024-12-29,4,27.42,109.68,Tarjeta de crédito,Completada
688,324,56,2024-12-30,2,1008.65,2017.3,Billetera virtual,Completada
1977,455,84,2024-12-30,1,114.71,114.71,Tarjeta de crédito,Completada
2834,471,5,2024-12-30,3,320.02,960.06,Billetera virtual,Completada
2200,265,8,2024-12-30,1,129.5,129.5,Tarjeta de crédito,Completada
900,265,117,2024-12-30,2,553.19,1106.38,Billetera virtual,Completada
1381,172,92,2024-12-30,2,96.79,193.58,Tarjeta de crédito,Completada
1141,393,9,2024-12-31,3,280.94,842.82,Tarjeta de crédito,Completada
1831,33,3,2024-12-31,4,292.23,1168.92,Tarjeta de débito,Completada
2896,389,100,2024-12-31,3,270.08,810.24,Tarjeta de crédito,Completada
2735,96,140,2024-12-31,1,580.95,580.95,Tarjeta de crédito,Completada
1136,363,3,2024-12-31,2,292.23,584.46,Billetera virtual,Completada
1202,133,45,2025-01-01,1,85.76,85.76,Tarjeta de crédito,Completada
2332,288,144,2025-01-02,2,46.23,92.46,Tarjeta de crédito,Completada
968,282,24,2025-01-02,3,231.71,695.13,Tarjeta de crédito,Completada
792,132,55,2025-01-02,3,844.98,2534.94,Transferencia,Completada
2292,36,97,2025-01-02,1,578.69,578.69,Billetera virtual,Completada
1861,22,52,2025-01-02,4,83.1,332.4,Tarjeta de crédito,Completada
2723,130,108,2025-01-03,1,340.46,340.46,Tarjeta de crédito,Completada
397,17,147,2025-01-03,1,907.87,907.87,Tarjeta de crédito,Completada
1162,217,70,2025-01-04,1,99.49,99.49,Tarjeta de crédito,Completada
279,243,47,2025-01-04,1,63.67,63.67,Tarjeta de crédito,Completada
1415,446,60,2025-01-04,3,176.61,529.83,Tarjeta de crédito,Completada
880,240,129,2025-01-04,2,128.49,256.98,Billetera virtual,Completada
1477,32,64,2025-01-04,4,97.83,391.32,Tarjeta de débito,Completada
828,193,121,2025-01-05,3,58.56,175.68,Tarjeta de crédito,Completada
2399,89,123,2025-01-05,3,78.6,235.8,Tarjeta de crédito,Completada
2946,480,83,2025-01-05,1,37.39,37.39,Tarjeta de débito,Completada
2517,439,43,2025-01-06,4,296.19,1184.76,Tarjeta de débito,Completada
2499,286,130,2025-01-06,3,68.82,206.46,Tarjeta de crédito,Completada
2007,324,76,2025-01-06,1,111.18,111.18,Tarjeta de crédito,Completada
2618,54,12,2025-01-06,4,20.02,80.08,Billetera virtual,Completada
1720,413,94,2025-01-07,3,83.73,251.19,Tarjeta de débito,Completada
2605,428,85,2025-01-07,4,839.71,3358.84,Tarjeta de crédito,Completada
2994,391,143,2025-01-07,1,248.99,248.99,Billetera virtual,Completada
1581,364,31,2025-01-07,3,72.17,216.51,Transferencia,Completada
1332,223,121,2025-01-07,3,58.56,175.68,Tarjeta de crédito,Completada
1554,60,121,2025-01-08,3,58.56,175.68,Tarjeta de crédito,Completada
1525,399,26,2025-01-08,4,171.04,684.16,Tarjeta de débito,Completada
1078,391,60,2025-01-08,3,176.61,529.83,Tarjeta de crédito,Completada
1346,318,47,2025-01-08,4,63.67,254.68,Tarjeta de débito,Completada
887,488,36,2025-01-08,4,55.34,221.36,Billetera virtual,Completada
2038,60,150,2025-01-08,3,63.38,190.14,Transferencia,Completada
1816,185,25,2025-01-09,2,76.75,153.5,Tarjeta de crédito,Completada
2945,468,15,2025-01-09,2,75.43,150.86,Tarjeta de débito,Completada
11,178,1,2025-01-10,2,11.53,23.06,Tarjeta de crédito,Completada
638,18,23,2025-01-10,3,824.07,2472.21,Transferencia,Completada
1463,101,105,2025-01-10,2,61.73,123.46,Transferencia,Completada
2216,144,99,2025-01-11,3,530.66,1591.98,Tarjeta de débito,Completada
1855,307,92,2025-01-11,2,96.79,193.58,Transferencia,Completada
878,474,97,2025-01-11,2,578.69,1157.38,Tarjeta de crédito,Completada
1471,416,4,2025-01-11,1,87.74,87.74,Tarjeta de crédito,Completada
1150,45,82,2025-01-12,2,106.99,213.98,Tarjeta de débito,Completada
1176,166,61,2025-01-12,2,52.25,104.5,Tarjeta de débito,Completada
1733,72,108,2025-01-12,4,340.46,1361.84,Billetera virtual,Completada
843,44,140,2025-01-12,4,580.95,2323.8,Tarjeta de débito,Completada
636,93,125,2025-01-13,1,116.4,116.4,Tarjeta de crédito,Completada
249,150,97,2025-01-13,1,578.69,578.69,Billetera virtual,Completada
1070,127,122,2025-01-14,1,140.01,140.01,Tarjeta de débito,Completada
2754,432,108,2025-01-15,1,340.46,340.46,Tarjeta de crédito,Completada
2226,178,5,2025-01-15,4,320.02,1280.08,Tarjeta de crédito,Completada
2473,258,113,2025-01-15,3,261.05,783.15,Transferencia,Cancelada
1080,360,126,2025-01-15,1,130.81,130.81,Billetera virtual,Completada
1028,107,19,2025-01-15,4,92.82,371.28,Billetera virtual,Completada
79,295,40,2025-01-16,3,130.98,392.94,Billetera virtual,Completada
1739,408,11,2025-01-16,1,221.91,221.91,Tarjeta de débito,Completada
1530,24,15,2025-01-16,3,75.43,226.29,Tarjeta de débito,Completada
1899,63,17,2025-01-17,1,111.6,111.6,Billetera virtual,Completada
871,1,100,2025-01-17,4,270.08,1080.32,Tarjeta de débito,Completada
133,141,65,2025-01-17,4,88.86,355.44,Tarjeta de débito,Completada
598,451,125,2025-01-18,1,116.4,116.4,Tarjeta de crédito,Completada
1390,392,117,2025-01-18,2,553.19,1106.38,Transferencia,Completada
130,132,131,2025-01-18,4,114.24,456.96,Tarjeta de crédito,Completada
2716,40,119,2025-01-19,3,350.27,1050.81,Tarjeta de crédito,Completada
832,214,91,2025-01-19,3,1005.99,3017.97,Tarjeta de crédito,Completada
2613,455,20,2025-01-20,4,110.57,442.28,Tarjeta de débito,Completada
1621,129,9,2025-01-20,3,280.94,842.82,Tarjeta de crédito,Completada
35,144,14,2025-01-20,3,84.17,252.51,Tarjeta de crédito,Completada
1027,84,121,2025-01-20,1,58.56,58.56,Tarjeta de crédito,Completada
13,274,119,2025-01-20,1,350.27,350.27,Tarjeta de crédito,Completada
2331,192,131,2025-01-20,3,114.24,342.72,Tarjeta de crédito,Completada
2547,300,76,2025-01-20,1,111.18,111.18,Billetera virtual,Completada
334,412,136,2025-01-20,1,355.5,355.5,Tarjeta de débito,Completada
2008,73,1,2025-01-20,2,11.53,23.06,Tarjeta de crédito,Completada
153,39,96,2025-01-21,2,89.93,179.86,Tarjeta de crédito,Completada
1475,167,143,2025-01-21,2,248.99,497.98,Transferencia,Completada
998,402,55,2025-01-21,1,844.98,844.98,Tarjeta de débito,Completada
2082,212,9,2025-01-22,4,280.94,1123.76,Transferencia,Completada
414,9,14,2025-01-22,3,84.17,252.51,Tarjeta de crédito,Completada
748,193,142,2025-01-22,2,641.1,1282.2,Transferencia,Completada
2859,431,21,2025-01-23,1,441.16,441.16,Tarjeta de crédito,Completada
2360,268,43,2025-01-23,2,296.19,592.38,Tarjeta de débito,Completada
2412,472,69,2025-01-23,3,787.04,2361.12,Transferencia,Completada
1728,423,79,2025-01-23,1,409.24,409.24,Tarjeta de débito,Completada
2574,432,64,2025-01-23,1,97.83,97.83,Transferencia,Completada
701,212,105,2025-01-24,2,61.73,123.46,Billetera virtual,Completada
324,425,63,2025-01-24,1,41.74,41.74,Tarjeta de débito,Cancelada
2053,491,136,2025-01-25,3,355.5,1066.5,Billetera virtual,Completada
2879,112,57,2025-01-25,1,34.93,34.93,Transferencia,Completada
2282,11,57,2025-01-26,4,34.93,139.72,Tarjeta de débito,Completada
118,93,128,2025-01-26,3,121.82,365.46,Tarjeta de débito,Completada
2069,409,39,2025-01-26,1,459.22,459.22,Billetera virtual,Completada
1208,17,9,2025-01-26,3,280.94,842.82,Tarjeta de crédito,Completada
2451,458,59,2025-01-26,1,199.85,199.85,Transferencia,Cancelada
1574,334,103,2025-01-26,2,535.68,1071.36,Tarjeta de débito,Completada
2141,101,115,2025-01-26,2,384.44,768.88,Billetera virtual,Completada
592,282,27,2025-01-27,3,53.58,160.74,Tarjeta de crédito,Completada
154,82,6,2025-01-27,3,134.96,404.88,Billetera virtual,Completada
2000,202,129,2025-01-27,2,128.49,256.98,Tarjeta de crédito,Cancelada
29,8,104,2025-01-28,2,85.81,171.62,Billetera virtual,Completada
26,314,84,2025-01-28,4,114.71,458.84,Tarjeta de crédito,Completada
619,85,102,2025-01-28,4,275.73,1102.92,Billetera virtual,Completada
1275,36,115,2025-01-28,2,384.44,768.88,Transferencia,Completada
1682,289,33,2025-01-28,2,193.34,386.68,Billetera virtual,Completada
417,25,131,2025-01-28,2,114.24,228.48,Tarjeta de débito,Completada
434,181,130,2025-01-28,4,68.82,275.28,Tarjeta de crédito,Completada
1801,169,46,2025-01-29,1,458.9,458.9,Billetera virtual,Cancelada
886,66,113,2025-01-29,1,261.05,261.05,Tarjeta de crédito,Completada
1198,241,122,2025-01-29,2,140.01,280.02,Billetera virtual,Completada
2915,459,132,2025-01-29,3,139.77,419.31,Tarjeta de débito,Completada
2246,97,53,2025-01-29,3,317.15,951.45,Tarjeta de débito,Completada
547,175,49,2025-01-29,3,190.42,571.26,Tarjeta de crédito,Completada
499,496,46,2025-01-29,1,458.9,458.9,Tarjeta de crédito,Completada
1054,30,136,2025-01-29,3,355.5,1066.5,Tarjeta de débito,Completada
2379,276,24,2025-01-30,3,231.71,695.13,Tarjeta de débito,Completada
491,393,32,2025-01-30,4,50.69,202.76,Tarjeta de crédito,Completada
2853,190,90,2025-01-30,4,52.39,209.56,Tarjeta de crédito,Completada
2218,202,135,2025-01-30,4,167.67,670.68,Tarjeta de crédito,Completada
2188,196,133,2025-01-31,1,713.32,713.32,Billetera virtual,Completada
1255,327,47,2025-01-31,1,63.67,63.67,Tarjeta de débito,Completada
2299,239,57,2025-01-31,1,34.93,34.93,Tarjeta de débito,Completada
264,188,91,2025-01-31,3,1005.99,3017.97,Billetera virtual,Completada
2370,87,86,2025-02-01,4,213.88,855.52,Tarjeta de crédito,Completada
2768,281,18,2025-02-01,3,213.72,641.16,Tarjeta de crédito,Completada
175,425,92,2025-02-01,3,96.79,290.37,Tarjeta de crédito,Cancelada
1309,8,89,2025-02-01,2,149.38,298.76,Tarjeta de crédito,Completada
1724,487,49,2025-02-02,1,190.42,190.42,Transferencia,Completada
1539,5,111,2025-02-02,1,312.56,312.56,Tarjeta de crédito,Completada
724,132,64,2025-02-02,1,97.83,97.83,Billetera virtual,Completada
749,389,98,2025-02-02,1,265.91,265.91,Transferencia,Completada
2818,157,103,2025-02-03,4,535.68,2142.72,Tarjeta de crédito,Completada
2134,227,5,2025-02-03,1,320.02,320.02,Tarjeta de crédito,Completada
439,358,16,2025-02-03,3,188.57,565.71,Transferencia,Completada
2429,328,37,2025-02-03,4,297.6,1190.4,Tarjeta de crédito,Completada
83,199,53,2025-02-03,1,317.15,317.15,Tarjeta de débito,Completada
1552,90,82,2025-02-03,1,106.99,106.99,Tarjeta de crédito,Completada
847,119,44,2025-02-04,3,85.25,255.75,Tarjeta de débito,Completada
2505,365,112,2025-02-04,4,79.2,316.8,Tarjeta de crédito,Completada
304,245,71,2025-02-04,1,98.46,98.46,Billetera virtual,Completada
294,61,5,2025-02-04,3,320.02,960.06,Tarjeta de crédito,Completada
763,308,74,2025-02-05,4,650.9,2603.6,Billetera virtual,Cancelada
1695,55,40,2025-02-05,3,130.98,392.94,Tarjeta de débito,Completada
2336,221,1,2025-02-05,4,11.53,46.12,Billetera virtual,Completada
2559,381,37,2025-02-06,1,297.6,297.6,Tarjeta de crédito,Cancelada
2409,124,13,2025-02-06,1,218.14,218.14,Tarjeta de débito,Completada
1067,40,105,2025-02-07,3,61.73,185.19,Tarjeta de crédito,Completada
2661,93,80,2025-02-07,1,79.9,79.9,Tarjeta de débito,Completada
973,365,101,2025-02-07,2,27.42,54.84,Transferencia,Completada
2770,163,57,2025-02-08,1,34.93,34.93,Tarjeta de débito,Completada
588,401,147,2025-02-09,2,907.87,1815.74,Tarjeta de crédito,Completada
1919,389,78,2025-02-09,1,273.68,273.68,Tarjeta de débito,Completada
657,416,144,2025-02-10,3,46.23,138.69,Tarjeta de débito,Completada
842,367,34,2025-02-10,3,218.05,654.15,Billetera virtual,Completada
1439,214,15,2025-02-10,4,75.43,301.72,Tarjeta de crédito,Completada
1994,461,58,2025-02-11,3,112.95,338.85,Tarjeta de débito,Completada
1853,190,103,2025-02-12,3,535.68,1607.04,Tarjeta de débito,Completada
1572,90,98,2025-02-12,2,265.91,531.82,Transferencia,Completada
555,141,26,2025-02-12,1,171.04,171.04,Transferencia,Completada
2584,181,64,2025-02-13,3,97.83,293.49,Tarjeta de débito,Completada
1168,30,87,2025-02-13,3,167.49,502.47,Tarjeta de débito,Completada
804,34,101,2025-02-13,3,27.42,82.26,Tarjeta de débito,Completada
910,266,103,2025-02-14,2,535.68,1071.36,Tarjeta de crédito,Completada
845,402,37,2025-02-14,3,297.6,892.8,Tarjeta de crédito,Completada
987,135,31,2025-02-14,2,72.17,144.34,Tarjeta de crédito,Completada
1402,24,20,2025-02-14,1,110.57,110.57,Tarjeta de débito,Completada
2145,279,139,2025-02-14,2,75.42,150.84,Tarjeta de crédito,Completada
781,472,37,2025-02-14,4,297.6,1190.4,Tarjeta de crédito,Completada
2123,226,122,2025-02-15,2,140.01,280.02,Tarjeta de débito,Completada
2591,199,68,2025-02-15,3,109.08,327.24,Tarjeta de crédito,Completada
217,314,42,2025-02-15,3,136.43,409.29,Tarjeta de débito,Completada
982,170,30,2025-02-15,2,221.66,443.32,Tarjeta de crédito,Completada
1090,208,55,2025-02-16,4,844.98,3379.92,Billetera virtual,Completada
2639,393,103,2025-02-16,4,535.68,2142.72,Tarjeta de débito,Completada
1298,125,65,2025-02-17,2,88.86,177.72,Tarjeta de débito,Completada
1683,441,40,2025-02-17,2,130.98,261.96,Transferencia,Completada
1181,317,148,2025-02-18,3,273.49,820.47,Tarjeta de débito,Completada
1421,208,64,2025-02-18,1,97.83,97.83,Tarjeta de débito,Completada
2636,61,81,2025-02-18,4,1144.0,4576.0,Tarjeta de crédito,Completada
590,425,82,2025-02-19,1,106.99,106.99,Tarjeta de crédito,Completada
172,479,42,2025-02-19,4,136.43,545.72,Transferencia,Completada
2782,60,137,2025-02-19,2,245.63,491.26,Billetera virtual,Completada
2677,364,107,2025-02-19,1,241.46,241.46,Tarjeta de crédito,Completada
504,314,53,2025-02-20,3,317.15,951.45,Billetera virtual,Cancelada
2518,245,121,2025-02-20,4,58.56,234.24,Tarjeta de crédito,Completada
2355,62,38,2025-02-20,3,93.08,279.24,Billetera virtual,Completada
2161,49,4,2025-02-21,2,87.74,175.48,Tarjeta de débito,Completada
1001,80,150,2025-02-21,4,63.38,253.52,Tarjeta de débito,Cancelada
1234,342,16,2025-02-21,3,188.57,565.71,Billetera virtual,Completada
2357,185,105,2025-02-21,2,61.73,123.46,Transferencia,Completada
2920,403,135,2025-02-21,4,167.67,670.68,Tarjeta de crédito,Completada
268,477,61,2025-02-22,2,52.25,104.5,Tarjeta de crédito,Completada
2306,165,1,2025-02-22,3,11.53,34.59,Tarjeta de crédito,Completada
1314,249,77,2025-02-22,3,36.9,110.7,Tarjeta de crédito,Completada
2150,352,65,2025-02-22,1,88.86,88.86,Billetera virtual,Completada
2528,469,125,2025-02-22,4,116.4,465.6,Tarjeta de crédito,Completada
2482,201,80,2025-02-22,4,79.9,319.6,Tarjeta de crédito,Completada
1272,464,104,2025-02-23,4,85.81,343.24,Transferencia,Completada
1791,177,37,2025-02-23,1,297.6,297.6,Transferencia,Completada
2622,174,16,2025-02-23,3,188.57,565.71,Tarjeta de débito,Completada
1807,490,122,2025-02-23,2,140.01,280.02,Billetera virtual,Completada
2253,144,24,2025-02-23,1,231.71,231.71,Billetera virtual,Completada
2224,125,118,2025-02-24,2,34.12,68.24,Tarjeta de crédito,Completada
1222,235,53,2025-02-24,2,317.15,634.3,Tarjeta de crédito,Completada
577,284,18,2025-02-24,3,213.72,641.16,Transferencia,Completada
2522,133,94,2025-02-25,2,83.73,167.46,Tarjeta de crédito,Completada
215,138,7,2025-02-25,1,44.62,44.62,Billetera virtual,Completada
1287,75,102,2025-02-25,3,275.73,827.19,Tarjeta de crédito,Completada
2778,455,39,2025-02-25,3,459.22,1377.66,Tarjeta de débito,Completada
34,372,17,2025-02-27,3,111.6,334.8,Transferencia,Cancelada
1890,48,65,2025-02-28,3,88.86,266.58,Tarjeta de crédito,Completada
2821,359,6,2025-02-28,4,134.96,539.84,Tarjeta de crédito,Completada
1651,299,46,2025-02-28,4,458.9,1835.6,Tarjeta de crédito,Completada
2672,350,55,2025-03-01,1,844.98,844.98,Tarjeta de crédito,Completada
340,141,9,2025-03-01,4,280.94,1123.76,Tarjeta de crédito,Completada
2369,217,103,2025-03-02,4,535.68,2142.72,Tarjeta de crédito,Completada
2888,343,76,2025-03-02,2,111.18,222.36,Tarjeta de débito,Completada
1769,193,94,2025-03-03,3,83.73,251.19,Transferencia,Completada
1579,166,39,2025-03-03,2,459.22,918.44,Transferencia,Completada
107,172,73,2025-03-04,1,62.82,62.82,Tarjeta de crédito,Completada
817,500,142,2025-03-04,1,641.1,641.1,Tarjeta de crédito,Completada
2763,58,96,2025-03-05,4,89.93,359.72,Tarjeta de débito,Completada
1178,315,1,2025-03-05,1,11.53,11.53,Transferencia,Completada
2844,405,27,2025-03-05,2,53.58,107.16,Billetera virtual,Completada
104,327,54,2025-03-05,2,159.61,319.22,Billetera virtual,Completada
2668,442,72,2025-03-06,1,91.98,91.98,Tarjeta de débito,Completada
2685,472,100,2025-03-06,2,270.08,540.16,Tarjeta de crédito,Completada
1837,197,147,2025-03-06,4,907.87,3631.48,Tarjeta de crédito,Completada
612,132,94,2025-03-06,1,83.73,83.73,Billetera virtual,Completada
323,411,98,2025-03-06,1,265.91,265.91,Transferencia,Completada
2225,271,37,2025-03-06,4,297.6,1190.4,Tarjeta de débito,Completada
1109,284,70,2025-03-06,4,99.49,397.96,Tarjeta de crédito,Completada
2304,227,135,2025-03-07,3,167.67,503.01,Billetera virtual,Cancelada
1813,133,36,2025-03-07,4,55.34,221.36,Tarjeta de crédito,Completada
347,107,27,2025-03-08,3,53.58,160.74,Tarjeta de crédito,Completada
262,389,7,2025-03-08,3,44.62,133.86,Tarjeta de débito,Completada
1262,462,145,2025-03-08,4,1036.09,4144.36,Transferencia,Completada
1615,448,66,2025-03-09,3,256.07,768.21,Tarjeta de crédito,Completada
214,473,63,2025-03-09,3,41.74,125.22,Tarjeta de débito,Completada
922,185,20,2025-03-10,4,110.57,442.28,Tarjeta de crédito,Completada
510,340,114,2025-03-10,4,362.33,1449.32,Transferencia,Completada
468,319,16,2025-03-10,1,188.57,188.57,Tarjeta de débito,Completada
1245,344,99,2025-03-10,4,530.66,2122.64,Tarjeta de débito,Completada
1648,32,1,2025-03-10,4,11.53,46.12,Tarjeta de débito,Completada
814,314,9,2025-03-11,3,280.94,842.82,Transferencia,Completada
60,308,18,2025-03-11,4,213.72,854.88,Tarjeta de crédito,Completada
2278,30,86,2025-03-11,1,213.88,213.88,Tarjeta de débito,Completada
398,472,116,2025-03-12,3,112.36,337.08,Tarjeta de crédito,Completada
524,430,89,2025-03-12,1,149.38,149.38,Tarjeta de crédito,Completada
2947,164,103,2025-03-12,1,535.68,535.68,Transferencia,Completada
745,35,94,2025-03-13,4,83.73,334.92,Billetera virtual,Completada
2248,441,95,2025-03-13,2,127.07,254.14,Tarjeta de crédito,Completada
2476,416,144,2025-03-13,3,46.23,138.69,Tarjeta de débito,Completada
2648,453,147,2025-03-14,2,907.87,1815.74,Tarjeta de débito,Completada
542,462,59,2025-03-14,2,199.85,399.7,Tarjeta de crédito,Completada
2460,240,52,2025-03-14,4,83.1,332.4,Transferencia,Completada
8,244,107,2025-03-15,4,241.46,965.84,Tarjeta de crédito,Completada
1014,458,94,2025-03-15,2,83.73,167.46,Billetera virtual,Completada
1154,192,78,2025-03-15,4,273.68,1094.72,Tarjeta de crédito,Completada
2962,8,59,2025-03-15,3,199.85,599.55,Tarjeta de débito,Completada
1783,2,80,2025-03-15,1,79.9,79.9,Transferencia,Completada
2793,53,96,2025-03-16,2,89.93,179.86,Billetera virtual,Completada
1983,397,117,2025-03-16,1,553.19,553.19,Tarjeta de crédito,Completada
2208,325,143,2025-03-16,2,248.99,497.98,Tarjeta de crédito,Completada
2017,45,29,2025-03-16,3,240.3,720.9,Tarjeta de crédito,Completada
2288,258,96,2025-03-16,4,89.93,359.72,Tarjeta de crédito,Completada
298,419,117,2025-03-17,2,553.19,1106.38,Transferencia,Completada
549,143,18,2025-03-17,4,213.72,854.88,Tarjeta de crédito,Completada
1082,259,96,2025-03-17,3,89.93,269.79,Tarjeta de crédito,Completada
2765,403,105,2025-03-17,1,61.73,61.73,Tarjeta de crédito,Completada
2568,199,67,2025-03-18,1,17.83,17.83,Tarjeta de débito,Completada
1247,473,40,2025-03-18,4,130.98,523.92,Tarjeta de crédito,Completada
1584,77,145,2025-03-18,2,1036.09,2072.18,Tarjeta de crédito,Completada
2534,266,40,2025-03-19,1,130.98,130.98,Transferencia,Cancelada
579,2,55,2025-03-19,1,844.98,844.98,Tarjeta de débito,Completada
1049,292,80,2025-03-19,1,79.9,79.9,Transferencia,Completada
45,293,7,2025-03-19,3,44.62,133.86,Tarjeta de débito,Completada
1942,119,19,2025-03-19,2,92.82,185.64,Transferencia,Completada
42,110,75,2025-03-20,1,142.36,142.36,Transferencia,Completada
1023,399,77,2025-03-20,4,36.9,147.6,Tarjeta de débito,Completada
1600,432,79,2025-03-20,2,409.24,818.48,Billetera virtual,Completada
2580,242,111,2025-03-20,4,312.56,1250.24,Billetera virtual,Cancelada
1830,384,5,2025-03-21,4,320.02,1280.08,Tarjeta de crédito,Completada
999,36,53,2025-03-21,4,317.15,1268.6,Tarjeta de crédito,Completada
174,47,129,2025-03-21,3,128.49,385.47,Tarjeta de crédito,Completada
297,240,102,2025-03-21,2,275.73,551.46,Transferencia,Completada
1225,387,128,2025-03-21,1,121.82,121.82,Tarjeta de débito,Completada
1029,279,112,2025-03-21,3,79.2,237.6,Tarjeta de crédito,Completada
615,369,72,2025-03-21,2,91.98,183.96,Tarjeta de crédito,Completada
1849,472,103,2025-03-22,4,535.68,2142.72,Billetera virtual,Completada
1691,268,105,2025-03-22,3,61.73,185.19,Transferencia,Completada
93,67,30,2025-03-22,2,221.66,443.32,Billetera virtual,Completada
283,219,134,2025-03-22,1,24.19,24.19,Billetera virtual,Completada
2830,30,71,2025-03-23,2,98.46,196.92,Tarjeta de débito,Completada
662,201,125,2025-03-23,4,116.4,465.6,Tarjeta de débito,Completada
194,314,23,2025-03-23,2,824.07,1648.14,Billetera virtual,Completada
1144,112,87,2025-03-23,4,167.49,669.96,Tarjeta de crédito,Completada
2398,73,84,2025-03-24,1,114.71,114.71,Transferencia,Completada
2959,454,145,2025-03-24,3,1036.09,3108.27,Tarjeta de crédito,Completada
1446,387,107,2025-03-24,2,241.46,482.92,Tarjeta de débito,Completada
1956,193,27,2025-03-24,2,53.58,107.16,Tarjeta de crédito,Completada
1151,75,103,2025-03-24,2,535.68,1071.36,Tarjeta de crédito,Completada
390,42,9,2025-03-24,1,280.94,280.94,Transferencia,Completada
1248,314,39,2025-03-25,2,459.22,918.44,Tarjeta de débito,Completada
2469,278,114,2025-03-25,1,362.33,362.33,Tarjeta de débito,Completada
2190,387,62,2025-03-25,1,127.13,127.13,Tarjeta de crédito,Completada
173,15,65,2025-03-26,3,88.86,266.58,Tarjeta de débito,Completada
891,57,6,2025-03-26,3,134.96,404.88,Tarjeta de crédito,Completada
1418,7,48,2025-03-26,1,97.9,97.9,Tarjeta de débito,Completada
394,456,81,2025-03-26,2,1144.0,2288.0,Transferencia,Completada
2092,390,146,2025-03-27,4,183.15,732.6,Tarjeta de crédito,Completada
1383,61,132,2025-03-27,1,139.77,139.77,Tarjeta de crédito,Completada
2072,172,149,2025-03-27,2,163.12,326.24,Tarjeta de crédito,Completada
2900,233,66,2025-03-27,3,256.07,768.21,Billetera virtual,Completada
721,224,123,2025-03-28,1,78.6,78.6,Tarjeta de débito,Completada
2777,318,97,2025-03-28,4,578.69,2314.76,Tarjeta de crédito,Completada
2656,329,46,2025-03-28,2,458.9,917.8,Tarjeta de crédito,Completada
1533,266,135,2025-03-28,2,167.67,335.34,Transferencia,Completada
314,324,16,2025-03-28,3,188.57,565.71,Tarjeta de débito,Completada
894,240,42,2025-03-28,1,136.43,136.43,Tarjeta de crédito,Cancelada
1395,166,40,2025-03-29,1,130.98,130.98,Tarjeta de crédito,Completada
142,327,80,2025-03-29,3,79.9,239.7,Billetera virtual,Completada
179,305,19,2025-03-30,1,92.82,92.82,Tarjeta de crédito,Completada
2939,345,67,2025-03-30,3,17.83,53.49,Tarjeta de débito,Completada
2378,494,108,2025-03-30,3,340.46,1021.38,Transferencia,Completada
1253,56,53,2025-03-31,3,317.15,951.45,Billetera virtual,Completada
1107,178,42,2025-04-01,3,136.43,409.29,Tarjeta de crédito,Completada
565,227,66,2025-04-01,3,256.07,768.21,Tarjeta de crédito,Cancelada
1641,355,78,2025-04-01,4,273.68,1094.72,Tarjeta de débito,Completada
2293,2,43,2025-04-01,3,296.19,888.57,Transferencia,Completada
2001,422,150,2025-04-02,1,63.38,63.38,Transferencia,Completada
1108,93,92,2025-04-02,4,96.79,387.16,Tarjeta de débito,Completada
605,2,95,2025-04-02,3,127.07,381.21,Billetera virtual,Completada
36,39,63,2025-04-02,3,41.74,125.22,Transferencia,Completada
1046,488,109,2025-04-03,3,34.85,104.55,Tarjeta de crédito,Completada
1437,358,47,2025-04-03,1,63.67,63.67,Tarjeta de crédito,Completada
1635,178,5,2025-04-04,3,320.02,960.06,Transferencia,Completada
1370,434,133,2025-04-05,4,713.32,2853.28,Transferencia,Completada
2423,258,118,2025-04-06,3,34.12,102.36,Tarjeta de crédito,Completada
2137,50,30,2025-04-06,1,221.66,221.66,Tarjeta de débito,Completada
472,130,122,2025-04-06,3,140.01,420.03,Tarjeta de crédito,Cancelada
1610,438,42,2025-04-06,1,136.43,136.43,Billetera virtual,Completada
2361,414,74,2025-04-08,2,650.9,1301.8,Tarjeta de crédito,Completada
1866,283,137,2025-04-08,4,245.63,982.52,Tarjeta de crédito,Completada
2425,311,78,2025-04-08,3,273.68,821.04,Tarjeta de débito,Completada
2698,340,31,2025-04-08,4,72.17,288.68,Transferencia,Completada
1445,38,57,2025-04-09,2,34.93,69.86,Billetera virtual,Completada
1469,343,72,2025-04-10,1,91.98,91.98,Tarjeta de débito,Completada
2573,453,90,2025-04-10,2,52.39,104.78,Tarjeta de crédito,Completada
1900,400,125,2025-04-10,4,116.4,465.6,Tarjeta de crédito,Completada
1297,462,125,2025-04-10,1,116.4,116.4,Tarjeta de crédito,Completada
2284,111,65,2025-04-10,3,88.86,266.58,Tarjeta de débito,Cancelada
2985,276,43,2025-04-10,2,296.19,592.38,Tarjeta de crédito,Completada
19,107,55,2025-04-10,4,844.98,3379.92,Tarjeta de crédito,Completada
1906,84,130,2025-04-11,4,68.82,275.28,Tarjeta de crédito,Completada
713,200,86,2025-04-11,2,213.88,427.76,Tarjeta de débito,Completada
2257,271,19,2025-04-11,3,92.82,278.46,Billetera virtual,Completada
459,145,149,2025-04-12,2,163.12,326.24,Tarjeta de crédito,Completada
1722,263,110,2025-04-12,2,124.7,249.4,Billetera virtual,Completada
939,416,38,2025-04-12,2,93.08,186.16,Tarjeta de débito,Completada
354,42,120,2025-04-12,1,206.18,206.18,Tarjeta de crédito,Completada
2616,283,73,2025-04-13,3,62.82,188.46,Billetera virtual,Completada
2126,160,120,2025-04-13,2,206.18,412.36,Tarjeta de débito,Completada
1172,462,111,2025-04-14,3,312.56,937.68,Billetera virtual,Completada
2074,217,111,2025-04-14,4,312.56,1250.24,Billetera virtual,Completada
87,425,73,2025-04-14,2,62.82,125.64,Transferencia,Completada
381,197,72,2025-04-14,1,91.98,91.98,Transferencia,Completada
1462,458,53,2025-04-14,1,317.15,317.15,Tarjeta de crédito,Completada
1007,256,65,2025-04-15,3,88.86,266.58,Tarjeta de débito,Completada
1407,402,83,2025-04-15,2,37.39,74.78,Billetera virtual,Completada
2675,199,54,2025-04-15,3,159.61,478.83,Tarjeta de crédito,Cancelada
2070,133,65,2025-04-16,3,88.86,266.58,Tarjeta de débito,Completada
1183,387,116,2025-04-16,4,112.36,449.44,Billetera virtual,Completada
1326,431,119,2025-04-16,4,350.27,1401.08,Transferencia,Completada
818,182,41,2025-04-17,4,165.53,662.12,Tarjeta de crédito,Completada
1718,404,68,2025-04-17,2,109.08,218.16,Billetera virtual,Completada
1782,382,102,2025-04-17,4,275.73,1102.92,Tarjeta de crédito,Completada
584,219,18,2025-04-17,1,213.72,213.72,Transferencia,Completada
1066,245,19,2025-04-17,2,92.82,185.64,Tarjeta de débito,Completada
2254,159,117,2025-04-17,3,553.19,1659.57,Billetera virtual,Completada
387,49,63,2025-04-18,2,41.74,83.48,Tarjeta de débito,Completada
2776,247,125,2025-04-18,3,116.4,349.2,Transferencia,Completada
1404,446,28,2025-04-18,3,170.65,511.95,Transferencia,Completada
1698,208,144,2025-04-18,2,46.23,92.46,Billetera virtual,Completada
1590,250,92,2025-04-18,4,96.79,387.16,Tarjeta de crédito,Completada
630,41,49,2025-04-18,1,190.42,190.42,Tarjeta de débito,Completada
10,23,69,2025-04-18,1,787.04,787.04,Tarjeta de crédito,Completada
2406,271,45,2025-04-18,4,85.76,343.04,Tarjeta de crédito,Completada
188,176,104,2025-04-18,2,85.81,171.62,Tarjeta de crédito,Completada
858,268,141,2025-04-19,1,608.51,608.51,Tarjeta de crédito,Completada
240,180,124,2025-04-19,2,37.77,75.54,Tarjeta de crédito,Cancelada
89,448,93,2025-04-19,3,260.51,781.53,Transferencia,Completada
2405,364,76,2025-04-19,4,111.18,444.72,Tarjeta de débito,Completada
273,17,135,2025-04-20,1,167.67,167.67,Tarjeta de crédito,Completada
1715,317,96,2025-04-20,1,89.93,89.93,Billetera virtual,Completada
481,288,97,2025-04-20,4,578.69,2314.76,Billetera virtual,Completada
139,259,41,2025-04-20,2,165.53,331.06,Tarjeta de débito,Completada
408,345,107,2025-04-20,4,241.46,965.84,Tarjeta de crédito,Completada
1647,416,98,2025-04-20,2,265.91,531.82,Tarjeta de crédito,Completada
1464,89,24,2025-04-21,3,231.71,695.13,Transferencia,Completada
1934,234,126,2025-04-21,3,130.81,392.43,Tarjeta de débito,Completada
1403,349,31,2025-04-21,1,72.17,72.17,Transferencia,Cancelada
1578,367,131,2025-04-21,4,114.24,456.96,Tarjeta de crédito,Completada
2298,217,123,2025-04-21,1,78.6,78.6,Tarjeta de débito,Completada
2275,479,72,2025-04-22,1,91.98,91.98,Billetera virtual,Completada
280,223,16,2025-04-22,2,188.57,377.14,Tarjeta de débito,Completada
1922,381,139,2025-04-22,4,75.42,301.68,Tarjeta de crédito,Completada
2160,240,29,2025-04-23,2,240.3,480.6,Tarjeta de débito,Completada
2651,358,137,2025-04-23,3,245.63,736.89,Tarjeta de crédito,Completada
1148,105,147,2025-04-23,2,907.87,1815.74,Tarjeta de crédito,Completada
2869,61,93,2025-04-23,2,260.51,521.02,Tarjeta de crédito,Completada
309,401,26,2025-04-23,4,171.04,684.16,Tarjeta de crédito,Completada
258,281,10,2025-04-23,2,146.44,292.88,Billetera virtual,Completada
1371,32,39,2025-04-23,3,459.22,1377.66,Tarjeta de crédito,Completada
1773,343,141,2025-04-24,2,608.51,1217.02,Tarjeta de crédito,Completada
322,364,69,2025-04-24,1,787.04,787.04,Tarjeta de crédito,Completada
2122,2,108,2025-04-25,1,340.46,340.46,Tarjeta de crédito,Completada
884,431,113,2025-04-25,3,261.05,783.15,Transferencia,Completada
2877,291,81,2025-04-26,3,1144.0,3432.0,Transferencia,Completada
431,391,113,2025-04-26,4,261.05,1044.2,Transferencia,Completada
1315,75,120,2025-04-26,4,206.18,824.72,Transferencia,Completada
2078,355,124,2025-04-26,2,37.77,75.54,Tarjeta de crédito,Completada
2589,291,110,2025-04-26,1,124.7,124.7,Tarjeta de crédito,Completada
1278,231,37,2025-04-27,2,297.6,595.2,Transferencia,Completada
1741,40,5,2025-04-27,4,320.02,1280.08,Tarjeta de crédito,Completada
122,145,67,2025-04-27,1,17.83,17.83,Tarjeta de crédito,Completada
2895,99,118,2025-04-28,2,34.12,68.24,Tarjeta de débito,Completada
1368,147,100,2025-04-28,4,270.08,1080.32,Transferencia,Completada
2353,260,112,2025-04-28,4,79.2,316.8,Billetera virtual,Cancelada
2620,466,53,2025-04-29,1,317.15,317.15,Tarjeta de crédito,Completada
233,53,114,2025-04-29,1,362.33,362.33,Tarjeta de crédito,Completada
1527,375,18,2025-04-29,2,213.72,427.44,Tarjeta de crédito,Completada
2715,177,120,2025-04-29,1,206.18,206.18,Tarjeta de crédito,Cancelada
2472,375,13,2025-04-30,3,218.14,654.42,Tarjeta de débito,Completada
841,381,105,2025-04-30,2,61.73,123.46,Billetera virtual,Completada
1898,234,15,2025-04-30,2,75.43,150.86,Tarjeta de crédito,Completada
809,412,106,2025-05-01,3,923.88,2771.64,Tarjeta de débito,Completada
2131,214,149,2025-05-02,2,163.12,326.24,Tarjeta de crédito,Completada
2102,457,4,2025-05-02,2,87.74,175.48,Tarjeta de débito,Completada
1167,263,108,2025-05-02,3,340.46,1021.38,Transferencia,Completada
2493,490,8,2025-05-02,1,129.5,129.5,Transferencia,Completada
2590,113,90,2025-05-03,4,52.39,209.56,Billetera virtual,Completada
2421,61,51,2025-05-03,4,139.26,557.04,Tarjeta de débito,Completada
1750,141,52,2025-05-03,3,83.1,249.3,Tarjeta de crédito,Completada
1497,197,38,2025-05-03,4,93.08,372.32,Tarjeta de crédito,Completada
1671,405,150,2025-05-03,4,63.38,253.52,Tarjeta de crédito,Completada
1548,362,77,2025-05-03,4,36.9,147.6,Tarjeta de crédito,Completada
2609,75,33,2025-05-04,3,193.34,580.02,Billetera virtual,Completada
2372,148,34,2025-05-04,1,218.05,218.05,Tarjeta de débito,Completada
1279,188,107,2025-05-04,4,241.46,965.84,Tarjeta de débito,Completada
1171,4,25,2025-05-05,1,76.75,76.75,Tarjeta de crédito,Completada
2351,44,112,2025-05-05,4,79.2,316.8,Tarjeta de crédito,Completada
1188,432,72,2025-05-05,4,91.98,367.92,Transferencia,Completada
794,170,77,2025-05-05,3,36.9,110.7,Transferencia,Completada
1736,473,139,2025-05-05,4,75.42,301.68,Billetera virtual,Completada
552,200,77,2025-05-05,4,36.9,147.6,Tarjeta de crédito,Cancelada
372,130,49,2025-05-06,2,190.42,380.84,Tarjeta de crédito,Cancelada
476,46,26,2025-05-06,4,171.04,684.16,Tarjeta de débito,Completada
2600,171,125,2025-05-06,2,116.4,232.8,Tarjeta de crédito,Completada
1822,53,113,2025-05-07,4,261.05,1044.2,Tarjeta de crédito,Completada
2921,130,78,2025-05-07,3,273.68,821.04,Tarjeta de débito,Completada
209,313,61,2025-05-07,4,52.25,209.0,Tarjeta de débito,Completada
67,488,7,2025-05-07,2,44.62,89.24,Tarjeta de débito,Completada
671,424,78,2025-05-07,3,273.68,821.04,Tarjeta de crédito,Completada
2365,367,30,2025-05-07,3,221.66,664.98,Transferencia,Completada
1206,143,132,2025-05-07,4,139.77,559.08,Tarjeta de crédito,Completada
2417,228,55,2025-05-08,4,844.98,3379.92,Tarjeta de crédito,Completada
2807,29,117,2025-05-08,2,553.19,1106.38,Tarjeta de crédito,Completada
991,275,85,2025-05-08,3,839.71,2519.13,Tarjeta de crédito,Completada
807,327,112,2025-05-09,1,79.2,79.2,Tarjeta de débito,Completada
2964,235,123,2025-05-09,2,78.6,157.2,Tarjeta de crédito,Completada
2509,3,47,2025-05-09,4,63.67,254.68,Tarjeta de crédito,Completada
2695,266,120,2025-05-09,2,206.18,412.36,Transferencia,Completada
558,308,15,2025-05-09,2,75.43,150.86,Tarjeta de débito,Completada
2981,320,78,2025-05-09,4,273.68,1094.72,Tarjeta de débito,Completada
68,379,102,2025-05-10,3,275.73,827.19,Transferencia,Completada
931,442,71,2025-05-10,1,98.46,98.46,Tarjeta de crédito,Completada
1967,238,30,2025-05-10,1,221.66,221.66,Tarjeta de débito,Cancelada
1895,13,107,2025-05-10,2,241.46,482.92,Tarjeta de débito,Completada
1923,69,25,2025-05-10,2,76.75,153.5,Tarjeta de débito,Completada
1035,141,110,2025-05-10,2,124.7,249.4,Tarjeta de crédito,Completada
281,15,2,2025-05-11,3,148.77,446.31,Tarjeta de débito,Completada
1959,346,13,2025-05-11,1,218.14,218.14,Tarjeta de débito,Completada
2774,294,69,2025-05-12,1,787.04,787.04,Tarjeta de crédito,Completada
2309,7,114,2025-05-12,4,362.33,1449.32,Tarjeta de crédito,Completada
2044,342,118,2025-05-12,3,34.12,102.36,Billetera virtual,Completada
465,142,35,2025-05-12,2,840.54,1681.08,Transferencia,Completada
2990,52,144,2025-05-12,4,46.23,184.92,Tarjeta de débito,Completada
2731,315,102,2025-05-12,2,275.73,551.46,Tarjeta de crédito,Completada
1131,99,43,2025-05-12,2,296.19,592.38,Billetera virtual,Completada
488,373,46,2025-05-13,1,458.9,458.9,Tarjeta de crédito,Completada
2426,195,6,2025-05-13,2,134.96,269.92,Tarjeta de débito,Completada
1951,281,135,2025-05-13,1,167.67,167.67,Billetera virtual,Completada
1972,492,81,2025-05-14,1,1144.0,1144.0,Tarjeta de crédito,Completada
129,33,99,2025-05-14,2,530.66,1061.32,Billetera virtual,Completada
2710,45,5,2025-05-14,4,320.02,1280.08,Tarjeta de débito,Completada
2500,143,104,2025-05-14,1,85.81,85.81,Transferencia,Completada
1274,256,84,2025-05-14,2,114.71,229.42,Tarjeta de crédito,Completada
1251,387,127,2025-05-15,3,354.42,1063.26,Tarjeta de crédito,Completada
2999,208,138,2025-05-15,3,10.96,32.88,Transferencia,Completada
1644,416,120,2025-05-16,3,206.18,618.54,Tarjeta de crédito,Completada
24,188,1,2025-05-16,1,11.53,11.53,Tarjeta de crédito,Completada
974,142,25,2025-05-17,3,76.75,230.25,Tarjeta de crédito,Completada
252,235,127,2025-05-17,4,354.42,1417.68,Tarjeta de débito,Completada
1391,52,34,2025-05-17,2,218.05,436.1,Tarjeta de crédito,Completada
2943,314,147,2025-05-17,1,907.87,907.87,Billetera virtual,Completada
493,421,137,2025-05-17,3,245.63,736.89,Tarjeta de débito,Completada
696,472,80,2025-05-18,4,79.9,319.6,Tarjeta de débito,Completada
1878,354,91,2025-05-18,4,1005.99,4023.96,Tarjeta de débito,Cancelada
816,181,134,2025-05-18,4,24.19,96.76,Billetera virtual,Completada
544,277,121,2025-05-19,1,58.56,58.56,Tarjeta de crédito,Completada
2244,201,16,2025-05-19,4,188.57,754.28,Billetera virtual,Completada
2930,238,28,2025-05-20,4,170.65,682.6,Tarjeta de crédito,Completada
22,85,138,2025-05-20,3,10.96,32.88,Tarjeta de crédito,Completada
906,327,28,2025-05-20,1,170.65,170.65,Tarjeta de débito,Completada
937,223,93,2025-05-20,4,260.51,1042.04,Tarjeta de crédito,Completada
501,11,67,2025-05-20,1,17.83,17.83,Tarjeta de crédito,Cancelada
773,386,84,2025-05-21,4,114.71,458.84,Transferencia,Completada
53,210,68,2025-05-21,3,109.08,327.24,Tarjeta de débito,Completada
2958,438,81,2025-05-21,4,1144.0,4576.0,Tarjeta de débito,Completada
2845,33,24,2025-05-21,1,231.71,231.71,Tarjeta de crédito,Completada
624,53,14,2025-05-22,1,84.17,84.17,Tarjeta de crédito,Completada
2564,259,116,2025-05-22,1,112.36,112.36,Tarjeta de crédito,Completada
1776,488,92,2025-05-22,3,96.79,290.37,Tarjeta de débito,Completada
1155,314,78,2025-05-22,2,273.68,547.36,Billetera virtual,Completada
2671,133,2,2025-05-23,1,148.77,148.77,Tarjeta de crédito,Completada
2908,106,78,2025-05-23,1,273.68,273.68,Tarjeta de débito,Completada
2883,217,65,2025-05-23,2,88.86,177.72,Tarjeta de crédito,Completada
2152,292,13,2025-05-23,3,218.14,654.42,Billetera virtual,Completada
2373,496,31,2025-05-24,3,72.17,216.51,Tarjeta de crédito,Completada
213,53,32,2025-05-24,2,50.69,101.38,Billetera virtual,Cancelada
1716,413,83,2025-05-24,4,37.39,149.56,Billetera virtual,Completada
2524,441,75,2025-05-24,2,142.36,284.72,Tarjeta de débito,Completada
791,243,27,2025-05-25,3,53.58,160.74,Tarjeta de crédito,Completada
1962,373,78,2025-05-25,2,273.68,547.36,Transferencia,Completada
988,140,142,2025-05-25,4,641.1,2564.4,Tarjeta de débito,Completada
582,473,132,2025-05-25,2,139.77,279.54,Tarjeta de crédito,Completada
1927,328,38,2025-05-25,2,93.08,186.16,Transferencia,Completada
2238,286,140,2025-05-25,3,580.95,1742.85,Tarjeta de crédito,Cancelada
608,85,134,2025-05-26,3,24.19,72.57,Tarjeta de débito,Completada
2519,271,37,2025-05-27,4,297.6,1190.4,Transferencia,Completada
2764,334,17,2025-05-27,4,111.6,446.4,Tarjeta de crédito,Completada
1843,433,36,2025-05-27,2,55.34,110.68,Tarjeta de crédito,Completada
1582,479,9,2025-05-28,2,280.94,561.88,Transferencia,Completada
1765,475,114,2025-05-28,4,362.33,1449.32,Tarjeta de débito,Completada
2474,318,16,2025-05-28,2,188.57,377.14,Tarjeta de crédito,Completada
1470,417,63,2025-05-29,1,41.74,41.74,Tarjeta de crédito,Completada
985,255,42,2025-05-29,3,136.43,409.29,Billetera virtual,Completada
2535,188,83,2025-05-29,1,37.39,37.39,Tarjeta de débito,Completada
1047,121,137,2025-05-29,3,245.63,736.89,Tarjeta de débito,Completada
1545,145,86,2025-05-29,2,213.88,427.76,Transferencia,Completada
697,110,7,2025-05-29,2,44.62,89.24,Transferencia,Completada
1382,159,54,2025-05-29,4,159.61,638.44,Tarjeta de crédito,Completada
364,314,65,2025-05-30,2,88.86,177.72,Tarjeta de crédito,Completada
1915,118,42,2025-05-30,4,136.43,545.72,Tarjeta de débito,Completada
2037,232,51,2025-05-30,4,139.26,557.04,Tarjeta de crédito,Completada
2717,411,131,2025-05-30,3,114.24,342.72,Transferencia,Completada
2875,415,45,2025-05-30,4,85.76,343.04,Tarjeta de débito,Cancelada
1992,152,77,2025-05-31,3,36.9,110.7,Tarjeta de débito,Completada
1015,268,131,2025-05-31,1,114.24,114.24,Tarjeta de crédito,Completada
167,52,12,2025-05-31,4,20.02,80.08,Tarjeta de crédito,Completada
2971,462,49,2025-05-31,1,190.42,190.42,Transferencia,Completada
1864,398,18,2025-06-01,4,213.72,854.88,Billetera virtual,Completada
336,453,5,2025-06-01,3,320.02,960.06,Tarjeta de crédito,Completada
2868,359,84,2025-06-01,4,114.71,458.84,Tarjeta de débito,Completada
30,170,87,2025-06-01,2,167.49,334.98,Tarjeta de crédito,Completada
554,441,88,2025-06-02,4,53.48,213.92,Tarjeta de débito,Completada
282,342,64,2025-06-02,4,97.83,391.32,Tarjeta de débito,Completada
460,172,17,2025-06-02,4,111.6,446.4,Tarjeta de crédito,Completada
1307,407,68,2025-06-02,3,109.08,327.24,Tarjeta de crédito,Completada
2049,411,109,2025-06-02,3,34.85,104.55,Tarjeta de crédito,Completada
1529,419,17,2025-06-03,4,111.6,446.4,Tarjeta de crédito,Completada
1081,274,100,2025-06-03,3,270.08,810.24,Billetera virtual,Completada
517,456,58,2025-06-03,4,112.95,451.8,Transferencia,Completada
467,468,130,2025-06-03,3,68.82,206.46,Tarjeta de débito,Completada
650,125,32,2025-06-04,2,50.69,101.38,Tarjeta de débito,Completada
1909,8,20,2025-06-04,2,110.57,221.14,Tarjeta de débito,Completada
2734,435,62,2025-06-04,4,127.13,508.52,Tarjeta de crédito,Completada
1982,114,107,2025-06-04,2,241.46,482.92,Transferencia,Completada
1184,402,44,2025-06-04,4,85.25,341.0,Tarjeta de crédito,Completada
1455,399,143,2025-06-04,4,248.99,995.96,Tarjeta de crédito,Completada
25,415,127,2025-06-04,2,354.42,708.84,Tarjeta de crédito,Completada
1514,125,96,2025-06-04,1,89.93,89.93,Tarjeta de débito,Completada
1612,449,113,2025-06-05,2,261.05,522.1,Transferencia,Completada
2272,393,143,2025-06-05,1,248.99,248.99,Tarjeta de crédito,Completada
2988,154,134,2025-06-05,3,24.19,72.57,Tarjeta de crédito,Completada
540,238,9,2025-06-05,4,280.94,1123.76,Tarjeta de crédito,Completada
2453,249,95,2025-06-05,2,127.07,254.14,Tarjeta de crédito,Completada
2256,275,125,2025-06-06,4,116.4,465.6,Tarjeta de crédito,Completada
2375,359,20,2025-06-06,2,110.57,221.14,Tarjeta de débito,Completada
1281,12,21,2025-06-06,4,441.16,1764.64,Tarjeta de crédito,Completada
896,144,68,2025-06-06,1,109.08,109.08,Tarjeta de débito,Completada
2804,240,141,2025-06-06,3,608.51,1825.53,Tarjeta de crédito,Completada
2387,21,52,2025-06-06,2,83.1,166.2,Transferencia,Completada
1639,115,83,2025-06-07,1,37.39,37.39,Transferencia,Completada
1746,172,6,2025-06-07,4,134.96,539.84,Billetera virtual,Completada
1336,430,58,2025-06-07,3,112.95,338.85,Tarjeta de débito,Completada
2274,166,124,2025-06-07,2,37.77,75.54,Tarjeta de crédito,Completada
647,196,21,2025-06-07,3,441.16,1323.48,Tarjeta de crédito,Completada
1511,157,15,2025-06-07,2,75.43,150.86,Tarjeta de débito,Completada
288,271,62,2025-06-08,4,127.13,508.52,Tarjeta de crédito,Completada
218,432,139,2025-06-08,1,75.42,75.42,Tarjeta de crédito,Completada
741,398,2,2025-06-08,2,148.77,297.54,Tarjeta de crédito,Completada
111,11,57,2025-06-08,4,34.93,139.72,Tarjeta de crédito,Completada
2009,419,136,2025-06-08,2,355.5,711.0,Tarjeta de crédito,Completada
2914,210,66,2025-06-09,2,256.07,512.14,Transferencia,Completada
722,252,27,2025-06-09,1,53.58,53.58,Tarjeta de crédito,Completada
1426,262,15,2025-06-09,4,75.43,301.72,Transferencia,Completada
1703,415,132,2025-06-10,3,139.77,419.31,Tarjeta de crédito,Completada
2091,496,133,2025-06-11,4,713.32,2853.28,Billetera virtual,Completada
1110,308,50,2025-06-11,3,169.82,509.46,Tarjeta de crédito,Completada
1302,188,50,2025-06-11,1,169.82,169.82,Tarjeta de débito,Completada
2163,367,74,2025-06-11,4,650.9,2603.6,Billetera virtual,Completada
2532,352,46,2025-06-11,1,458.9,458.9,Tarjeta de crédito,Cancelada
881,328,77,2025-06-12,2,36.9,73.8,Tarjeta de crédito,Completada
2057,334,75,2025-06-12,1,142.36,142.36,Tarjeta de crédito,Completada
418,387,55,2025-06-12,4,844.98,3379.92,Tarjeta de crédito,Completada
1322,166,6,2025-06-13,1,134.96,134.96,Tarjeta de crédito,Completada
829,312,101,2025-06-13,3,27.42,82.26,Tarjeta de crédito,Completada
573,201,11,2025-06-14,1,221.91,221.91,Tarjeta de crédito,Completada
909,334,102,2025-06-14,4,275.73,1102.92,Tarjeta de débito,Completada
2104,249,110,2025-06-14,4,124.7,498.8,Tarjeta de débito,Completada
2502,15,107,2025-06-14,2,241.46,482.92,Tarjeta de crédito,Cancelada
2140,201,132,2025-06-14,3,139.77,419.31,Tarjeta de crédito,Completada
2701,432,128,2025-06-15,4,121.82,487.28,Billetera virtual,Completada
723,125,12,2025-06-15,2,20.02,40.04,Tarjeta de crédito,Completada
2626,22,32,2025-06-15,1,50.69,50.69,Tarjeta de débito,Completada
1318,336,133,2025-06-16,4,713.32,2853.28,Tarjeta de crédito,Completada
865,292,42,2025-06-16,4,136.43,545.72,Transferencia,Completada
2941,454,22,2025-06-16,4,383.43,1533.72,Billetera virtual,Completada
2032,243,33,2025-06-16,1,193.34,193.34,Tarjeta de crédito,Completada
1798,61,105,2025-06-16,1,61.73,61.73,Tarjeta de débito,Completada
2396,144,121,2025-06-17,3,58.56,175.68,Transferencia,Completada
957,334,10,2025-06-17,4,146.44,585.76,Tarjeta de crédito,Completada
1857,11,136,2025-06-17,3,355.5,1066.5,Tarjeta de crédito,Completada
1053,328,9,2025-06-18,4,280.94,1123.76,Tarjeta de crédito,Completada
1710,70,46,2025-06-18,3,458.9,1376.7,Tarjeta de débito,Completada
2356,65,32,2025-06-18,2,50.69,101.38,Tarjeta de débito,Completada
1468,121,144,2025-06-18,1,46.23,46.23,Tarjeta de crédito,Completada
2255,205,22,2025-06-19,3,383.43,1150.29,Tarjeta de crédito,Completada
2270,234,127,2025-06-19,2,354.42,708.84,Tarjeta de crédito,Completada
2273,89,103,2025-06-19,1,535.68,535.68,Billetera virtual,Completada
2289,53,130,2025-06-19,3,68.82,206.46,Billetera virtual,Completada
494,256,66,2025-06-19,1,256.07,256.07,Transferencia,Completada
1542,297,89,2025-06-20,1,149.38,149.38,Tarjeta de débito,Completada
2740,318,33,2025-06-20,1,193.34,193.34,Tarjeta de débito,Completada
2362,127,38,2025-06-20,3,93.08,279.24,Tarjeta de crédito,Completada
515,312,65,2025-06-20,2,88.86,177.72,Billetera virtual,Cancelada
2692,276,139,2025-06-20,3,75.42,226.26,Billetera virtual,Completada
1775,446,51,2025-06-22,1,139.26,139.26,Transferencia,Completada
1238,114,34,2025-06-22,3,218.05,654.15,Transferencia,Completada
2867,446,86,2025-06-22,4,213.88,855.52,Tarjeta de crédito,Completada
2950,39,131,2025-06-22,1,114.24,114.24,Transferencia,Completada
2662,82,61,2025-06-23,1,52.25,52.25,Tarjeta de crédito,Completada
74,366,91,2025-06-23,4,1005.99,4023.96,Tarjeta de crédito,Completada
2302,64,23,2025-06-24,1,824.07,824.07,Tarjeta de crédito,Completada
861,75,68,2025-06-24,4,109.08,436.32,Tarjeta de crédito,Completada
1764,313,26,2025-06-24,1,171.04,171.04,Transferencia,Completada
597,296,127,2025-06-25,1,354.42,354.42,Tarjeta de crédito,Completada
346,272,85,2025-06-25,2,839.71,1679.42,Tarjeta de crédito,Completada
2491,441,30,2025-06-25,3,221.66,664.98,Tarjeta de crédito,Completada
1534,195,117,2025-06-26,2,553.19,1106.38,Billetera virtual,Completada
261,33,132,2025-06-26,4,139.77,559.08,Tarjeta de débito,Completada
286,186,39,2025-06-26,1,459.22,459.22,Tarjeta de crédito,Completada
1989,207,98,2025-06-27,2,265.91,531.82,Tarjeta de crédito,Completada
1345,174,128,2025-06-27,2,121.82,243.64,Tarjeta de débito,Completada
2597,35,68,2025-06-27,4,109.08,436.32,Tarjeta de crédito,Completada
1961,407,43,2025-06-27,1,296.19,296.19,Tarjeta de crédito,Completada
1115,297,131,2025-06-28,2,114.24,228.48,Tarjeta de crédito,Completada
1106,369,109,2025-06-28,2,34.85,69.7,Tarjeta de débito,Completada
2215,409,112,2025-06-28,3,79.2,237.6,Tarjeta de débito,Completada
289,173,21,2025-06-28,4,441.16,1764.64,Tarjeta de crédito,Completada
2836,400,21,2025-06-28,2,441.16,882.32,Billetera virtual,Completada
1575,289,62,2025-06-29,1,127.13,127.13,Tarjeta de crédito,Completada
915,76,50,2025-06-29,3,169.82,509.46,Tarjeta de crédito,Completada
614,412,86,2025-06-29,4,213.88,855.52,Tarjeta de crédito,Completada
126,140,64,2025-06-29,2,97.83,195.66,Tarjeta de crédito,Completada
1976,298,40,2025-06-29,2,130.98,261.96,Tarjeta de crédito,Completada
2241,239,111,2025-06-30,1,312.56,312.56,Transferencia,Completada
2367,311,9,2025-06-30,1,280.94,280.94,Transferencia,Completada
2837,52,79,2025-06-30,2,409.24,818.48,Tarjeta de débito,Completada
2223,18,144,2025-06-30,1,46.23,46.23,Tarjeta de débito,Completada
2753,381,129,2025-06-30,3,128.49,385.47,Billetera virtual,Completada
376,2,56,2025-07-01,3,1008.65,3025.95,Tarjeta de crédito,Completada
1349,424,19,2025-07-02,3,92.82,278.46,Tarjeta de débito,Completada
1958,349,80,2025-07-02,1,79.9,79.9,Tarjeta de débito,Completada
1257,36,14,2025-07-02,2,84.17,168.34,Transferencia,Completada
328,387,30,2025-07-02,1,221.66,221.66,Tarjeta de crédito,Completada
2077,193,101,2025-07-02,4,27.42,109.68,Billetera virtual,Completada
958,199,122,2025-07-02,1,140.01,140.01,Transferencia,Completada
313,414,4,2025-07-03,4,87.74,350.96,Billetera virtual,Completada
65,63,52,2025-07-03,3,83.1,249.3,Tarjeta de débito,Completada
38,485,130,2025-07-03,2,68.82,137.64,Billetera virtual,Cancelada
1766,457,93,2025-07-03,4,260.51,1042.04,Transferencia,Completada
1174,338,15,2025-07-04,4,75.43,301.72,Tarjeta de crédito,Completada
7,396,140,2025-07-04,1,580.95,580.95,Transferencia,Completada
1734,157,114,2025-07-04,2,362.33,724.66,Tarjeta de crédito,Completada
730,214,120,2025-07-06,1,206.18,206.18,Tarjeta de débito,Completada
2050,45,142,2025-07-06,4,641.1,2564.4,Tarjeta de crédito,Completada
1347,36,146,2025-07-06,1,183.15,183.15,Tarjeta de crédito,Completada
1308,477,31,2025-07-06,3,72.17,216.51,Tarjeta de crédito,Completada
99,117,17,2025-07-07,3,111.6,334.8,Tarjeta de crédito,Completada
327,129,29,2025-07-07,4,240.3,961.2,Tarjeta de crédito,Completada
1284,72,22,2025-07-07,3,383.43,1150.29,Tarjeta de crédito,Completada
1863,446,17,2025-07-07,1,111.6,111.6,Transferencia,Completada
1544,161,140,2025-07-07,3,580.95,1742.85,Transferencia,Completada
119,294,13,2025-07-07,2,218.14,436.28,Transferencia,Completada
1002,408,5,2025-07-07,2,320.02,640.04,Billetera virtual,Completada
101,142,40,2025-07-07,1,130.98,130.98,Tarjeta de débito,Completada
585,31,50,2025-07-08,1,169.82,169.82,Tarjeta de débito,Completada
622,194,94,2025-07-08,2,83.73,167.46,Transferencia,Completada
433,177,121,2025-07-09,1,58.56,58.56,Transferencia,Completada
2630,498,105,2025-07-09,2,61.73,123.46,Billetera virtual,Completada
593,174,100,2025-07-09,2,270.08,540.16,Tarjeta de débito,Completada
503,471,108,2025-07-09,1,340.46,340.46,Tarjeta de crédito,Completada
458,448,88,2025-07-09,3,53.48,160.44,Transferencia,Completada
1200,475,86,2025-07-10,3,213.88,641.64,Tarjeta de débito,Completada
1194,281,103,2025-07-10,4,535.68,2142.72,Tarjeta de crédito,Cancelada
1094,247,63,2025-07-10,4,41.74,166.96,Tarjeta de crédito,Completada
2552,454,41,2025-07-10,2,165.53,331.06,Tarjeta de crédito,Completada
475,389,131,2025-07-10,4,114.24,456.96,Tarjeta de débito,Completada
1341,284,75,2025-07-11,4,142.36,569.44,Transferencia,Completada
2719,272,20,2025-07-11,4,110.57,442.28,Billetera virtual,Completada
2391,61,95,2025-07-12,2,127.07,254.14,Tarjeta de crédito,Completada
373,223,142,2025-07-12,4,641.1,2564.4,Tarjeta de débito,Completada
59,330,70,2025-07-13,4,99.49,397.96,Tarjeta de crédito,Completada
1833,259,34,2025-07-14,3,218.05,654.15,Tarjeta de crédito,Completada
110,90,58,2025-07-14,1,112.95,112.95,Billetera virtual,Completada
1779,347,30,2025-07-15,1,221.66,221.66,Tarjeta de débito,Completada
337,327,13,2025-07-15,1,218.14,218.14,Tarjeta de crédito,Completada
2338,386,136,2025-07-15,2,355.5,711.0,Tarjeta de débito,Completada
2059,33,12,2025-07-16,2,20.02,40.04,Billetera virtual,Completada
1829,240,81,2025-07-16,1,1144.0,1144.0,Tarjeta de débito,Completada
2164,455,142,2025-07-16,1,641.1,641.1,Tarjeta de débito,Completada
2570,72,148,2025-07-17,2,273.49,546.98,Tarjeta de crédito,Completada
2386,174,113,2025-07-17,4,261.05,1044.2,Transferencia,Completada
1140,144,31,2025-07-17,2,72.17,144.34,Tarjeta de crédito,Completada
795,193,72,2025-07-18,1,91.98,91.98,Tarjeta de crédito,Completada
425,250,44,2025-07-18,3,85.25,255.75,Tarjeta de crédito,Completada
2936,407,15,2025-07-18,4,75.43,301.72,Tarjeta de débito,Completada
321,313,80,2025-07-19,1,79.9,79.9,Tarjeta de crédito,Cancelada
2196,48,15,2025-07-20,1,75.43,75.43,Billetera virtual,Completada
535,273,27,2025-07-20,1,53.58,53.58,Tarjeta de crédito,Completada
244,174,69,2025-07-20,2,787.04,1574.08,Billetera virtual,Completada
506,470,129,2025-07-21,4,128.49,513.96,Tarjeta de crédito,Completada
1406,330,34,2025-07-22,4,218.05,872.2,Tarjeta de crédito,Completada
2485,350,106,2025-07-22,4,923.88,3695.52,Tarjeta de crédito,Completada
1116,426,48,2025-07-22,3,97.9,293.7,Tarjeta de débito,Completada
204,396,45,2025-07-22,2,85.76,171.52,Tarjeta de débito,Completada
2989,30,133,2025-07-23,2,713.32,1426.64,Billetera virtual,Completada
2385,457,19,2025-07-23,4,92.82,371.28,Billetera virtual,Completada
2314,36,94,2025-07-24,4,83.73,334.92,Tarjeta de débito,Completada
2755,84,135,2025-07-24,3,167.67,503.01,Tarjeta de débito,Completada
2173,295,89,2025-07-25,4,149.38,597.52,Billetera virtual,Completada
944,473,43,2025-07-25,4,296.19,1184.76,Tarjeta de débito,Completada
2932,424,64,2025-07-25,1,97.83,97.83,Tarjeta de débito,Completada
2002,117,71,2025-07-25,4,98.46,393.84,Tarjeta de crédito,Completada
2666,273,105,2025-07-25,3,61.73,185.19,Billetera virtual,Completada
389,463,133,2025-07-25,4,713.32,2853.28,Transferencia,Completada
532,291,33,2025-07-25,4,193.34,773.36,Tarjeta de crédito,Completada
1230,262,135,2025-07-26,3,167.67,503.01,Tarjeta de débito,Completada
2886,281,111,2025-07-26,4,312.56,1250.24,Tarjeta de débito,Completada
750,405,7,2025-07-27,2,44.62,89.24,Billetera virtual,Completada
1879,25,11,2025-07-27,2,221.91,443.82,Billetera virtual,Completada
2085,7,144,2025-07-28,1,46.23,46.23,Tarjeta de crédito,Completada
652,314,120,2025-07-28,1,206.18,206.18,Tarjeta de crédito,Cancelada
895,271,64,2025-07-28,3,97.83,293.49,Tarjeta de débito,Completada
95,494,62,2025-07-28,2,127.13,254.26,Tarjeta de crédito,Completada
2526,92,138,2025-07-28,3,10.96,32.88,Tarjeta de crédito,Completada
883,408,104,2025-07-29,3,85.81,257.43,Tarjeta de débito,Completada
626,50,56,2025-07-29,4,1008.65,4034.6,Billetera virtual,Completada
955,244,9,2025-07-30,4,280.94,1123.76,Transferencia,Completada
2194,121,99,2025-07-30,4,530.66,2122.64,Tarjeta de crédito,Completada
1772,414,48,2025-07-30,2,97.9,195.8,Tarjeta de débito,Cancelada
2707,21,101,2025-07-30,3,27.42,82.26,Transferencia,Completada
383,76,101,2025-07-30,4,27.42,109.68,Transferencia,Completada
992,466,40,2025-07-31,1,130.98,130.98,Tarjeta de crédito,Completada
610,477,27,2025-07-31,3,53.58,160.74,Tarjeta de débito,Completada
756,425,16,2025-07-31,2,188.57,377.14,Tarjeta de crédito,Cancelada
1229,52,36,2025-07-31,4,55.34,221.36,Tarjeta de débito,Completada
2340,448,87,2025-07-31,2,167.49,334.98,Tarjeta de débito,Completada
2760,469,30,2025-07-31,2,221.66,443.32,Tarjeta de crédito,Completada
2594,413,53,2025-08-01,3,317.15,951.45,Tarjeta de crédito,Cancelada
2871,297,87,2025-08-01,3,167.49,502.47,Tarjeta de crédito,Completada
960,340,45,2025-08-01,4,85.76,343.04,Tarjeta de crédito,Cancelada
1378,244,117,2025-08-01,1,553.19,553.19,Billetera virtual,Completada
2824,162,141,2025-08-01,3,608.51,1825.53,Tarjeta de crédito,Completada
951,93,54,2025-08-01,3,159.61,478.83,Tarjeta de crédito,Completada
2931,31,88,2025-08-02,2,53.48,106.96,Billetera virtual,Completada
2554,3,120,2025-08-02,3,206.18,618.54,Billetera virtual,Completada
1324,227,119,2025-08-02,1,350.27,350.27,Tarjeta de débito,Cancelada
964,283,19,2025-08-02,3,92.82,278.46,Tarjeta de crédito,Completada
970,278,131,2025-08-02,2,114.24,228.48,Tarjeta de débito,Completada
248,50,54,2025-08-03,4,159.61,638.44,Tarjeta de débito,Completada
1458,262,108,2025-08-03,4,340.46,1361.84,Tarjeta de débito,Completada
2681,25,88,2025-08-03,1,53.48,53.48,Transferencia,Completada
2933,388,19,2025-08-03,2,92.82,185.64,Billetera virtual,Completada
1048,133,14,2025-08-03,3,84.17,252.51,Billetera virtual,Completada
1868,252,141,2025-08-04,1,608.51,608.51,Transferencia,Completada
1711,495,90,2025-08-04,3,52.39,157.17,Tarjeta de crédito,Completada
257,266,31,2025-08-05,2,72.17,144.34,Transferencia,Completada
1687,121,98,2025-08-05,1,265.91,265.91,Tarjeta de débito,Completada
2065,249,94,2025-08-05,1,83.73,83.73,Tarjeta de débito,Completada
237,115,4,2025-08-05,1,87.74,87.74,Billetera virtual,Completada
2641,275,23,2025-08-05,3,824.07,2472.21,Tarjeta de débito,Completada
1854,89,133,2025-08-05,1,713.32,713.32,Transferencia,Completada
49,359,86,2025-08-05,3,213.88,641.64,Tarjeta de débito,Completada
1845,364,102,2025-08-05,2,275.73,551.46,Tarjeta de débito,Completada
761,266,51,2025-08-05,4,139.26,557.04,Tarjeta de débito,Completada
2578,387,135,2025-08-06,4,167.67,670.68,Billetera virtual,Completada
440,405,52,2025-08-06,4,83.1,332.4,Billetera virtual,Completada
3,202,116,2025-08-06,1,112.36,112.36,Billetera virtual,Completada
1074,358,34,2025-08-06,1,218.05,218.05,Tarjeta de crédito,Cancelada
2018,342,11,2025-08-07,4,221.91,887.64,Tarjeta de crédito,Completada
1761,243,49,2025-08-07,2,190.42,380.84,Tarjeta de débito,Completada
2083,38,51,2025-08-07,3,139.26,417.78,Tarjeta de débito,Completada
484,199,67,2025-08-08,1,17.83,17.83,Tarjeta de crédito,Completada
1292,89,113,2025-08-08,4,261.05,1044.2,Tarjeta de crédito,Completada
661,482,100,2025-08-08,2,270.08,540.16,Tarjeta de débito,Cancelada
548,73,124,2025-08-08,2,37.77,75.54,Tarjeta de débito,Completada
399,261,23,2025-08-08,4,824.07,3296.28,Billetera virtual,Completada
1119,386,124,2025-08-09,3,37.77,113.31,Tarjeta de débito,Completada
2738,189,131,2025-08-09,1,114.24,114.24,Transferencia,Completada
674,54,65,2025-08-09,3,88.86,266.58,Tarjeta de crédito,Completada
1331,28,109,2025-08-10,1,34.85,34.85,Tarjeta de crédito,Completada
1484,145,49,2025-08-10,2,190.42,380.84,Tarjeta de crédito,Completada
2747,89,55,2025-08-10,2,844.98,1689.96,Billetera virtual,Completada
783,439,30,2025-08-11,2,221.66,443.32,Tarjeta de débito,Completada
1851,375,3,2025-08-11,4,292.23,1168.92,Tarjeta de crédito,Completada
976,63,11,2025-08-11,2,221.91,443.82,Billetera virtual,Completada
1933,74,145,2025-08-11,4,1036.09,4144.36,Tarjeta de crédito,Completada
2767,34,79,2025-08-12,4,409.24,1636.96,Tarjeta de crédito,Completada
1997,266,65,2025-08-12,1,88.86,88.86,Tarjeta de crédito,Completada
2294,121,143,2025-08-12,3,248.99,746.97,Tarjeta de crédito,Completada
2497,460,107,2025-08-13,3,241.46,724.38,Tarjeta de débito,Completada
1384,487,71,2025-08-13,1,98.46,98.46,Transferencia,Completada
2219,258,142,2025-08-13,1,641.1,641.1,Transferencia,Completada
1293,234,74,2025-08-14,4,650.9,2603.6,Tarjeta de crédito,Completada
1543,255,129,2025-08-14,4,128.49,513.96,Tarjeta de crédito,Completada
676,396,98,2025-08-14,1,265.91,265.91,Tarjeta de débito,Completada
477,379,136,2025-08-15,4,355.5,1422.0,Tarjeta de crédito,Completada
620,268,108,2025-08-15,1,340.46,340.46,Tarjeta de crédito,Completada
2678,422,23,2025-08-15,4,824.07,3296.28,Tarjeta de crédito,Completada
1050,463,109,2025-08-15,2,34.85,69.7,Tarjeta de crédito,Completada
1725,46,88,2025-08-15,1,53.48,53.48,Tarjeta de crédito,Completada
78,48,78,2025-08-16,3,273.68,821.04,Tarjeta de crédito,Completada
2923,468,57,2025-08-16,1,34.93,34.93,Billetera virtual,Completada
876,75,101,2025-08-16,2,27.42,54.84,Tarjeta de crédito,Completada
595,142,31,2025-08-16,3,72.17,216.51,Tarjeta de crédito,Completada
938,166,102,2025-08-16,3,275.73,827.19,Tarjeta de crédito,Completada
115,232,55,2025-08-17,1,844.98,844.98,Tarjeta de débito,Completada
2992,412,7,2025-08-17,2,44.62,89.24,Tarjeta de crédito,Completada
2980,261,14,2025-08-17,4,84.17,336.68,Tarjeta de crédito,Completada
2963,64,6,2025-08-17,2,134.96,269.92,Transferencia,Completada
1788,355,88,2025-08-17,3,53.48,160.44,Tarjeta de crédito,Completada
230,21,13,2025-08-17,4,218.14,872.56,Tarjeta de débito,Completada
966,379,114,2025-08-18,1,362.33,362.33,Billetera virtual,Completada
875,240,150,2025-08-18,4,63.38,253.52,Transferencia,Completada
2669,291,11,2025-08-18,2,221.91,443.82,Billetera virtual,Completada
1509,454,103,2025-08-18,2,535.68,1071.36,Tarjeta de crédito,Completada
2916,311,66,2025-08-19,3,256.07,768.21,Transferencia,Completada
2035,361,108,2025-08-19,3,340.46,1021.38,Tarjeta de débito,Completada
1503,432,85,2025-08-19,3,839.71,2519.13,Tarjeta de crédito,Completada
1376,181,143,2025-08-20,1,248.99,248.99,Transferencia,Completada
616,240,94,2025-08-20,2,83.73,167.46,Tarjeta de débito,Completada
1598,425,109,2025-08-21,2,34.85,69.7,Billetera virtual,Completada
432,499,97,2025-08-21,1,578.69,578.69,Tarjeta de crédito,Completada
1553,84,128,2025-08-21,2,121.82,243.64,Tarjeta de crédito,Completada
1103,414,49,2025-08-21,2,190.42,380.84,Tarjeta de crédito,Completada
2544,314,12,2025-08-21,4,20.02,80.08,Tarjeta de crédito,Completada
1303,176,19,2025-08-21,2,92.82,185.64,Tarjeta de débito,Completada
698,231,10,2025-08-21,3,146.44,439.32,Tarjeta de débito,Completada
1730,249,21,2025-08-22,4,441.16,1764.64,Transferencia,Completada
1727,397,86,2025-08-22,1,213.88,213.88,Billetera virtual,Cancelada
935,265,37,2025-08-22,3,297.6,892.8,Billetera virtual,Completada
787,321,134,2025-08-22,3,24.19,72.57,Transferencia,Completada
300,113,38,2025-08-22,3,93.08,279.24,Tarjeta de débito,Completada
199,311,104,2025-08-23,3,85.81,257.43,Billetera virtual,Completada
1182,143,101,2025-08-23,1,27.42,27.42,Transferencia,Completada
2659,343,82,2025-08-24,4,106.99,427.96,Transferencia,Completada
2166,260,53,2025-08-24,2,317.15,634.3,Tarjeta de crédito,Completada
1979,200,77,2025-08-24,2,36.9,73.8,Tarjeta de débito,Completada
386,1,36,2025-08-25,2,55.34,110.68,Tarjeta de crédito,Completada
308,450,116,2025-08-25,3,112.36,337.08,Transferencia,Completada
977,143,74,2025-08-26,3,650.9,1952.7,Tarjeta de crédito,Completada
1399,480,34,2025-08-26,3,218.05,654.15,Transferencia,Completada
2004,254,108,2025-08-27,3,340.46,1021.38,Tarjeta de crédito,Completada
1827,360,11,2025-08-27,2,221.91,443.82,Tarjeta de débito,Completada
315,240,1,2025-08-28,3,11.53,34.59,Billetera virtual,Completada
2902,252,96,2025-08-28,1,89.93,89.93,Tarjeta de crédito,Completada
285,106,102,2025-08-28,1,275.73,275.73,Billetera virtual,Completada
2610,364,69,2025-08-29,3,787.04,2361.12,Transferencia,Completada
1521,165,54,2025-08-29,1,159.61,159.61,Tarjeta de crédito,Completada
1290,165,120,2025-08-30,2,206.18,412.36,Tarjeta de crédito,Completada
2252,14,103,2025-08-30,1,535.68,535.68,Tarjeta de débito,Completada
2096,392,117,2025-08-31,4,553.19,2212.76,Billetera virtual,Completada
1365,23,50,2025-08-31,2,169.82,339.64,Transferencia,Completada
227,305,48,2025-08-31,2,97.9,195.8,Tarjeta de crédito,Completada
136,382,60,2025-09-01,2,176.61,353.22,Tarjeta de crédito,Completada
2172,22,64,2025-09-01,1,97.83,97.83,Tarjeta de crédito,Completada
2596,10,143,2025-09-01,2,248.99,497.98,Tarjeta de crédito,Completada
1091,307,62,2025-09-03,1,127.13,127.13,Tarjeta de crédito,Completada
1037,492,73,2025-09-03,2,62.82,125.64,Tarjeta de crédito,Completada
2700,197,150,2025-09-03,1,63.38,63.38,Tarjeta de crédito,Completada
2993,202,86,2025-09-04,3,213.88,641.64,Tarjeta de crédito,Completada
2690,488,119,2025-09-04,2,350.27,700.54,Transferencia,Completada
1422,194,17,2025-09-05,4,111.6,446.4,Tarjeta de débito,Completada
2180,244,14,2025-09-05,3,84.17,252.51,Tarjeta de crédito,Completada
2819,158,20,2025-09-05,1,110.57,110.57,Tarjeta de crédito,Completada
1435,439,82,2025-09-05,3,106.99,320.97,Tarjeta de crédito,Completada
1159,492,14,2025-09-06,2,84.17,168.34,Billetera virtual,Completada
2828,399,111,2025-09-06,2,312.56,625.12,Tarjeta de débito,Completada
2843,145,68,2025-09-07,3,109.08,327.24,Tarjeta de débito,Completada
1500,419,86,2025-09-07,2,213.88,427.76,Tarjeta de crédito,Completada
137,382,5,2025-09-07,4,320.02,1280.08,Transferencia,Completada
505,382,141,2025-09-07,3,608.51,1825.53,Tarjeta de crédito,Completada
2026,500,3,2025-09-07,1,292.23,292.23,Tarjeta de crédito,Completada
396,108,110,2025-09-07,4,124.7,498.8,Transferencia,Completada
1526,84,144,2025-09-07,3,46.23,138.69,Tarjeta de crédito,Completada
2504,154,150,2025-09-08,4,63.38,253.52,Transferencia,Completada
2925,18,142,2025-09-09,2,641.1,1282.2,Tarjeta de crédito,Completada
2850,205,149,2025-09-09,4,163.12,652.48,Billetera virtual,Completada
2025,317,83,2025-09-09,1,37.39,37.39,Billetera virtual,Completada
2048,285,134,2025-09-09,1,24.19,24.19,Tarjeta de crédito,Completada
1673,231,88,2025-09-10,4,53.48,213.92,Tarjeta de crédito,Completada
764,270,143,2025-09-10,4,248.99,995.96,Billetera virtual,Completada
33,4,77,2025-09-10,3,36.9,110.7,Tarjeta de débito,Completada
2730,299,51,2025-09-10,1,139.26,139.26,Transferencia,Completada
1954,416,12,2025-09-10,4,20.02,80.08,Transferencia,Completada
600,58,122,2025-09-11,3,140.01,420.03,Tarjeta de débito,Completada
1024,413,147,2025-09-11,1,907.87,907.87,Billetera virtual,Completada
2366,427,86,2025-09-11,2,213.88,427.76,Tarjeta de crédito,Completada
767,157,41,2025-09-11,3,165.53,496.59,Tarjeta de crédito,Completada
1754,111,128,2025-09-12,3,121.82,365.46,Billetera virtual,Cancelada
1520,19,120,2025-09-12,2,206.18,412.36,Tarjeta de débito,Completada
2295,194,36,2025-09-12,1,55.34,55.34,Tarjeta de crédito,Completada
352,33,27,2025-09-12,4,53.58,214.32,Transferencia,Completada
37,175,72,2025-09-12,4,91.98,367.92,Tarjeta de crédito,Completada
898,338,66,2025-09-12,3,256.07,768.21,Tarjeta de débito,Completada
868,66,56,2025-09-13,1,1008.65,1008.65,Transferencia,Completada
864,336,89,2025-09-13,4,149.38,597.52,Transferencia,Completada
2593,119,106,2025-09-13,1,923.88,923.88,Tarjeta de crédito,Completada
1064,191,148,2025-09-13,2,273.49,546.98,Transferencia,Completada
1299,28,118,2025-09-13,4,34.12,136.48,Tarjeta de débito,Completada
1679,57,129,2025-09-13,3,128.49,385.47,Tarjeta de crédito,Completada
2652,434,5,2025-09-14,3,320.02,960.06,Billetera virtual,Completada
613,429,22,2025-09-14,1,383.43,383.43,Tarjeta de crédito,Completada
1288,299,108,2025-09-14,2,340.46,680.92,Tarjeta de débito,Completada
531,475,150,2025-09-14,2,63.38,126.76,Transferencia,Completada
2271,463,5,2025-09-15,4,320.02,1280.08,Tarjeta de crédito,Completada
200,362,1,2025-09-15,3,11.53,34.59,Tarjeta de débito,Completada
2736,22,107,2025-09-15,3,241.46,724.38,Billetera virtual,Completada
2430,381,107,2025-09-15,1,241.46,241.46,Tarjeta de crédito,Completada
2922,404,37,2025-09-15,4,297.6,1190.4,Tarjeta de débito,Completada
311,199,4,2025-09-15,3,87.74,263.22,Tarjeta de crédito,Completada
2013,62,69,2025-09-15,3,787.04,2361.12,Transferencia,Completada
825,429,45,2025-09-16,1,85.76,85.76,Tarjeta de crédito,Completada
1862,101,93,2025-09-16,2,260.51,521.02,Transferencia,Completada
1304,291,2,2025-09-16,1,148.77,148.77,Billetera virtual,Completada
2680,44,105,2025-09-17,1,61.73,61.73,Tarjeta de crédito,Completada
2642,265,98,2025-09-17,3,265.91,797.73,Tarjeta de crédito,Completada
2674,359,92,2025-09-18,1,96.79,96.79,Transferencia,Completada
519,65,101,2025-09-18,4,27.42,109.68,Tarjeta de crédito,Completada
1193,413,4,2025-09-19,2,87.74,175.48,Tarjeta de crédito,Completada
1902,205,73,2025-09-19,1,62.82,62.82,Tarjeta de crédito,Completada
1088,196,130,2025-09-20,4,68.82,275.28,Tarjeta de débito,Completada
81,314,120,2025-09-20,4,206.18,824.72,Tarjeta de crédito,Completada
2762,2,38,2025-09-20,2,93.08,186.16,Billetera virtual,Completada
1339,366,16,2025-09-20,2,188.57,377.14,Tarjeta de débito,Completada
2891,462,69,2025-09-21,4,787.04,3148.16,Tarjeta de crédito,Completada
1461,308,73,2025-09-21,3,62.82,188.46,Transferencia,Completada
733,120,93,2025-09-21,4,260.51,1042.04,Tarjeta de crédito,Completada
575,141,111,2025-09-22,2,312.56,625.12,Tarjeta de crédito,Completada
862,120,23,2025-09-22,4,824.07,3296.28,Transferencia,Completada
813,119,131,2025-09-22,4,114.24,456.96,Tarjeta de crédito,Completada
2637,155,51,2025-09-22,4,139.26,557.04,Tarjeta de crédito,Completada
1567,29,101,2025-09-23,4,27.42,109.68,Transferencia,Completada
391,134,82,2025-09-23,1,106.99,106.99,Billetera virtual,Cancelada
1557,164,61,2025-09-23,4,52.25,209.0,Billetera virtual,Completada
1839,375,124,2025-09-23,3,37.77,113.31,Billetera virtual,Completada
305,276,128,2025-09-24,2,121.82,243.64,Tarjeta de crédito,Completada
1568,275,57,2025-09-24,2,34.93,69.86,Tarjeta de crédito,Completada
561,448,40,2025-09-24,4,130.98,523.92,Tarjeta de crédito,Completada
1606,59,38,2025-09-24,4,93.08,372.32,Tarjeta de débito,Completada
838,495,6,2025-09-24,4,134.96,539.84,Tarjeta de crédito,Completada
1998,25,1,2025-09-25,1,11.53,11.53,Billetera virtual,Completada
1282,313,54,2025-09-25,2,159.61,319.22,Tarjeta de débito,Completada
178,107,93,2025-09-25,4,260.51,1042.04,Transferencia,Completada
754,89,55,2025-09-25,3,844.98,2534.94,Tarjeta de crédito,Cancelada
1030,11,143,2025-09-25,1,248.99,248.99,Tarjeta de crédito,Completada
1836,448,43,2025-09-25,3,296.19,888.57,Tarjeta de débito,Completada
824,74,34,2025-09-25,2,218.05,436.1,Tarjeta de crédito,Completada
420,115,85,2025-09-26,2,839.71,1679.42,Tarjeta de débito,Completada
2097,245,67,2025-09-26,2,17.83,35.66,Billetera virtual,Completada
1128,269,103,2025-09-26,3,535.68,1607.04,Tarjeta de crédito,Completada
195,194,107,2025-09-28,3,241.46,724.38,Tarjeta de crédito,Completada
904,301,76,2025-09-28,2,111.18,222.36,Tarjeta de débito,Completada
1537,397,89,2025-09-28,1,149.38,149.38,Billetera virtual,Completada
1981,272,41,2025-09-29,4,165.53,662.12,Tarjeta de crédito,Completada
2714,175,93,2025-09-29,4,260.51,1042.04,Tarjeta de crédito,Completada
2181,253,19,2025-09-29,1,92.82,92.82,Tarjeta de crédito,Completada
2496,208,32,2025-09-30,2,50.69,101.38,Transferencia,Completada
241,4,74,2025-09-30,1,650.9,650.9,Tarjeta de crédito,Completada
284,470,97,2025-09-30,2,578.69,1157.38,Tarjeta de crédito,Completada
2801,7,79,2025-10-01,2,409.24,818.48,Tarjeta de débito,Completada
2743,97,47,2025-10-01,1,63.67,63.67,Tarjeta de crédito,Completada
1340,170,76,2025-10-01,3,111.18,333.54,Tarjeta de débito,Completada
2233,114,79,2025-10-02,4,409.24,1636.96,Transferencia,Completada
1236,48,88,2025-10-02,2,53.48,106.96,Tarjeta de crédito,Completada
874,53,33,2025-10-02,2,193.34,386.68,Tarjeta de crédito,Completada
201,53,78,2025-10-02,2,273.68,547.36,Tarjeta de crédito,Completada
2138,321,20,2025-10-02,4,110.57,442.28,Billetera virtual,Completada
1424,71,46,2025-10-03,4,458.9,1835.6,Tarjeta de débito,Completada
1231,45,3,2025-10-03,2,292.23,584.46,Tarjeta de débito,Completada
1515,136,111,2025-10-03,3,312.56,937.68,Transferencia,Completada
928,183,133,2025-10-03,3,713.32,2139.96,Transferencia,Completada
663,35,6,2025-10-03,2,134.96,269.92,Tarjeta de débito,Completada
853,311,79,2025-10-03,3,409.24,1227.72,Tarjeta de crédito,Completada
905,305,87,2025-10-03,2,167.49,334.98,Tarjeta de crédito,Completada
2269,51,114,2025-10-04,1,362.33,362.33,Tarjeta de crédito,Cancelada
2258,133,27,2025-10-04,1,53.58,53.58,Tarjeta de crédito,Completada
1207,131,75,2025-10-04,3,142.36,427.08,Tarjeta de débito,Completada
2432,217,13,2025-10-05,3,218.14,654.42,Transferencia,Completada
219,343,98,2025-10-05,2,265.91,531.82,Tarjeta de crédito,Completada
2953,273,70,2025-10-05,4,99.49,397.96,Tarjeta de crédito,Completada
2748,327,55,2025-10-05,4,844.98,3379.92,Tarjeta de crédito,Completada
1926,235,63,2025-10-05,1,41.74,41.74,Tarjeta de débito,Completada
925,105,65,2025-10-05,4,88.86,355.44,Tarjeta de débito,Completada
1603,118,54,2025-10-05,2,159.61,319.22,Tarjeta de débito,Completada
1551,431,59,2025-10-05,3,199.85,599.55,Tarjeta de débito,Completada
656,375,144,2025-10-05,2,46.23,92.46,Tarjeta de crédito,Completada
1663,86,83,2025-10-05,3,37.39,112.17,Tarjeta de crédito,Completada
1268,265,58,2025-10-06,1,112.95,112.95,Tarjeta de débito,Completada
403,53,61,2025-10-06,4,52.25,209.0,Transferencia,Completada
1223,315,81,2025-10-06,1,1144.0,1144.0,Tarjeta de débito,Completada
782,214,95,2025-10-06,3,127.07,381.21,Transferencia,Completada
170,150,103,2025-10-07,2,535.68,1071.36,Tarjeta de débito,Cancelada
2420,186,132,2025-10-07,3,139.77,419.31,Tarjeta de débito,Completada
1913,314,51,2025-10-07,1,139.26,139.26,Tarjeta de crédito,Completada
1948,2,81,2025-10-07,3,1144.0,3432.0,Tarjeta de crédito,Completada
2438,361,109,2025-10-07,3,34.85,104.55,Transferencia,Completada
2118,427,66,2025-10-08,4,256.07,1024.28,Tarjeta de crédito,Completada
105,3,125,2025-10-08,3,116.4,349.2,Tarjeta de crédito,Completada
1055,318,103,2025-10-08,4,535.68,2142.72,Transferencia,Completada
1169,240,147,2025-10-08,1,907.87,907.87,Tarjeta de crédito,Completada
768,292,148,2025-10-09,4,273.49,1093.96,Tarjeta de crédito,Completada
2521,170,115,2025-10-09,2,384.44,768.88,Transferencia,Completada
1846,356,13,2025-10-09,3,218.14,654.42,Tarjeta de crédito,Completada
2203,325,17,2025-10-09,3,111.6,334.8,Billetera virtual,Completada
1490,265,150,2025-10-09,4,63.38,253.52,Tarjeta de débito,Completada
2033,297,25,2025-10-10,1,76.75,76.75,Tarjeta de débito,Completada
1204,254,45,2025-10-10,3,85.76,257.28,Tarjeta de crédito,Completada
2471,492,141,2025-10-10,4,608.51,2434.04,Billetera virtual,Completada
1084,388,44,2025-10-10,2,85.25,170.5,Tarjeta de débito,Completada
1984,304,41,2025-10-10,3,165.53,496.59,Transferencia,Completada
331,426,64,2025-10-11,3,97.83,293.49,Transferencia,Completada
1213,252,129,2025-10-11,2,128.49,256.98,Tarjeta de crédito,Completada
1152,492,25,2025-10-11,3,76.75,230.25,Tarjeta de crédito,Cancelada
143,195,21,2025-10-12,2,441.16,882.32,Transferencia,Completada
2155,401,9,2025-10-12,4,280.94,1123.76,Transferencia,Completada
1828,261,62,2025-10-12,2,127.13,254.26,Billetera virtual,Completada
822,126,85,2025-10-13,4,839.71,3358.84,Tarjeta de crédito,Completada
2431,83,50,2025-10-14,1,169.82,169.82,Tarjeta de débito,Completada
1704,336,46,2025-10-15,4,458.9,1835.6,Transferencia,Completada
1731,334,65,2025-10-15,4,88.86,355.44,Tarjeta de crédito,Completada
1950,218,114,2025-10-15,1,362.33,362.33,Billetera virtual,Completada
2976,424,22,2025-10-15,4,383.43,1533.72,Tarjeta de crédito,Completada
2489,125,91,2025-10-16,2,1005.99,2011.98,Transferencia,Completada
2833,311,142,2025-10-16,3,641.1,1923.3,Tarjeta de débito,Cancelada
2205,244,54,2025-10-17,2,159.61,319.22,Billetera virtual,Completada
1289,244,10,2025-10-17,2,146.44,292.88,Tarjeta de débito,Cancelada
369,160,17,2025-10-17,3,111.6,334.8,Tarjeta de crédito,Completada
2991,131,17,2025-10-18,3,111.6,334.8,Tarjeta de crédito,Completada
1112,381,12,2025-10-18,4,20.02,80.08,Tarjeta de débito,Completada
1924,3,149,2025-10-18,4,163.12,652.48,Billetera virtual,Completada
2350,244,38,2025-10-18,3,93.08,279.24,Tarjeta de crédito,Completada
2389,64,97,2025-10-19,4,578.69,2314.76,Tarjeta de crédito,Completada
2912,500,124,2025-10-19,2,37.77,75.54,Tarjeta de crédito,Completada
498,141,58,2025-10-19,3,112.95,338.85,Transferencia,Completada
948,35,121,2025-10-20,3,58.56,175.68,Billetera virtual,Completada
784,202,23,2025-10-20,2,824.07,1648.14,Tarjeta de crédito,Completada
2645,334,98,2025-10-20,3,265.91,797.73,Tarjeta de débito,Completada
447,129,3,2025-10-20,4,292.23,1168.92,Billetera virtual,Completada
1943,475,7,2025-10-20,1,44.62,44.62,Tarjeta de crédito,Completada
2513,138,101,2025-10-20,3,27.42,82.26,Tarjeta de crédito,Completada
2132,270,91,2025-10-20,4,1005.99,4023.96,Tarjeta de crédito,Completada
2452,145,90,2025-10-20,1,52.39,52.39,Billetera virtual,Completada
2125,52,89,2025-10-20,2,149.38,298.76,Transferencia,Completada
1316,188,60,2025-10-21,4,176.61,706.44,Tarjeta de crédito,Completada
2410,236,106,2025-10-21,3,923.88,2771.64,Transferencia,Completada
50,416,134,2025-10-21,2,24.19,48.38,Tarjeta de crédito,Completada
2684,51,136,2025-10-21,2,355.5,711.0,Tarjeta de débito,Completada
2997,121,57,2025-10-21,1,34.93,34.93,Tarjeta de crédito,Completada
2563,473,91,2025-10-22,1,1005.99,1005.99,Tarjeta de crédito,Completada
1083,205,16,2025-10-22,1,188.57,188.57,Tarjeta de crédito,Completada
1719,23,117,2025-10-22,4,553.19,2212.76,Tarjeta de débito,Completada
2956,281,51,2025-10-22,3,139.26,417.78,Tarjeta de crédito,Completada
422,355,134,2025-10-23,3,24.19,72.57,Transferencia,Completada
2465,360,105,2025-10-23,4,61.73,246.92,Tarjeta de débito,Cancelada
2305,129,49,2025-10-23,1,190.42,190.42,Tarjeta de crédito,Completada
1312,246,3,2025-10-24,3,292.23,876.69,Tarjeta de crédito,Completada
873,427,40,2025-10-24,4,130.98,523.92,Tarjeta de crédito,Completada
2841,120,113,2025-10-24,2,261.05,522.1,Tarjeta de crédito,Completada
1821,164,65,2025-10-24,4,88.86,355.44,Tarjeta de crédito,Completada
2330,35,12,2025-10-25,1,20.02,20.02,Tarjeta de crédito,Completada
979,385,30,2025-10-25,1,221.66,221.66,Tarjeta de crédito,Completada
1211,413,100,2025-10-25,2,270.08,540.16,Tarjeta de crédito,Completada
1856,349,114,2025-10-25,4,362.33,1449.32,Tarjeta de crédito,Completada
2884,343,1,2025-10-25,3,11.53,34.59,Tarjeta de crédito,Completada
1642,197,21,2025-10-25,3,441.16,1323.48,Billetera virtual,Completada
1777,334,81,2025-10-26,2,1144.0,2288.0,Tarjeta de crédito,Completada
2881,22,113,2025-10-26,2,261.05,522.1,Tarjeta de débito,Completada
2670,265,47,2025-10-26,1,63.67,63.67,Transferencia,Completada
2586,334,77,2025-10-27,1,36.9,36.9,Tarjeta de crédito,Completada
365,405,28,2025-10-27,2,170.65,341.3,Tarjeta de crédito,Completada
216,84,105,2025-10-28,4,61.73,246.92,Transferencia,Completada
2064,274,138,2025-10-28,1,10.96,10.96,Billetera virtual,Completada
2043,203,59,2025-10-28,1,199.85,199.85,Tarjeta de crédito,Completada
247,214,69,2025-10-28,1,787.04,787.04,Tarjeta de crédito,Completada
1210,277,142,2025-10-29,2,641.1,1282.2,Billetera virtual,Completada
2175,49,43,2025-10-29,3,296.19,888.57,Tarjeta de crédito,Completada
1512,55,20,2025-10-29,4,110.57,442.28,Tarjeta de débito,Cancelada
224,132,115,2025-10-29,2,384.44,768.88,Tarjeta de crédito,Completada
303,49,96,2025-10-29,3,89.93,269.79,Transferencia,Completada
2267,403,92,2025-10-30,2,96.79,193.58,Transferencia,Completada
831,264,139,2025-10-30,3,75.42,226.26,Tarjeta de crédito,Completada
2724,342,69,2025-10-30,4,787.04,3148.16,Tarjeta de débito,Completada
2334,299,48,2025-10-30,2,97.9,195.8,Billetera virtual,Completada
1153,271,149,2025-10-30,4,163.12,652.48,Billetera virtual,Completada
1111,264,47,2025-10-30,2,63.67,127.34,Tarjeta de débito,Completada
1022,7,130,2025-10-30,3,68.82,206.46,Billetera virtual,Cancelada
596,25,97,2025-10-31,3,578.69,1736.07,Tarjeta de débito,Completada
441,182,134,2025-11-01,3,24.19,72.57,Tarjeta de crédito,Completada
1931,299,78,2025-11-01,3,273.68,821.04,Tarjeta de crédito,Completada
382,490,132,2025-11-01,4,139.77,559.08,Billetera virtual,Completada
2045,460,5,2025-11-01,4,320.02,1280.08,Tarjeta de débito,Completada
482,421,65,2025-11-01,3,88.86,266.58,Tarjeta de crédito,Completada
651,500,100,2025-11-01,4,270.08,1080.32,Transferencia,Completada
1021,231,101,2025-11-01,3,27.42,82.26,Billetera virtual,Completada
2812,30,11,2025-11-02,2,221.91,443.82,Tarjeta de crédito,Completada
2427,335,149,2025-11-02,4,163.12,652.48,Tarjeta de débito,Completada
2785,412,99,2025-11-03,3,530.66,1591.98,Tarjeta de débito,Completada
2911,402,30,2025-11-03,3,221.66,664.98,Tarjeta de débito,Completada
1562,172,113,2025-11-03,2,261.05,522.1,Billetera virtual,Completada
1802,74,37,2025-11-04,3,297.6,892.8,Billetera virtual,Completada
192,434,23,2025-11-04,2,824.07,1648.14,Tarjeta de débito,Completada
2686,10,127,2025-11-04,1,354.42,354.42,Tarjeta de crédito,Completada
1570,477,90,2025-11-04,3,52.39,157.17,Billetera virtual,Completada
2647,250,140,2025-11-04,1,580.95,580.95,Tarjeta de crédito,Completada
840,373,123,2025-11-04,2,78.6,157.2,Transferencia,Completada
2466,475,100,2025-11-04,2,270.08,540.16,Tarjeta de débito,Completada
742,161,114,2025-11-04,1,362.33,362.33,Billetera virtual,Completada
594,454,76,2025-11-04,4,111.18,444.72,Tarjeta de débito,Completada
148,236,63,2025-11-04,3,41.74,125.22,Tarjeta de crédito,Completada
64,58,91,2025-11-05,2,1005.99,2011.98,Tarjeta de crédito,Completada
907,157,72,2025-11-05,1,91.98,91.98,Billetera virtual,Completada
2800,291,121,2025-11-05,2,58.56,117.12,Tarjeta de débito,Completada
371,233,8,2025-11-05,4,129.5,518.0,Tarjeta de débito,Completada
2615,350,147,2025-11-05,1,907.87,907.87,Tarjeta de crédito,Completada
1228,275,42,2025-11-05,1,136.43,136.43,Billetera virtual,Completada
1531,191,136,2025-11-05,1,355.5,355.5,Tarjeta de crédito,Completada
1737,402,34,2025-11-05,2,218.05,436.1,Billetera virtual,Completada
2449,273,52,2025-11-06,2,83.1,166.2,Billetera virtual,Completada
2176,121,136,2025-11-06,4,355.5,1422.0,Tarjeta de crédito,Completada
1077,308,79,2025-11-06,2,409.24,818.48,Tarjeta de crédito,Completada
1233,169,99,2025-11-06,2,530.66,1061.32,Tarjeta de crédito,Completada
220,85,74,2025-11-06,2,650.9,1301.8,Tarjeta de crédito,Completada
1596,68,124,2025-11-07,2,37.77,75.54,Tarjeta de crédito,Completada
863,345,75,2025-11-07,1,142.36,142.36,Tarjeta de crédito,Completada
2079,431,11,2025-11-07,2,221.91,443.82,Transferencia,Completada
2352,40,106,2025-11-07,3,923.88,2771.64,Tarjeta de crédito,Completada
1394,121,123,2025-11-07,3,78.6,235.8,Transferencia,Completada
2029,11,3,2025-11-07,1,292.23,292.23,Transferencia,Cancelada
263,84,50,2025-11-07,2,169.82,339.64,Tarjeta de crédito,Cancelada
299,272,24,2025-11-08,2,231.71,463.42,Tarjeta de crédito,Completada
1392,76,9,2025-11-08,4,280.94,1123.76,Tarjeta de débito,Completada
1355,169,139,2025-11-08,2,75.42,150.84,Billetera virtual,Completada
599,192,127,2025-11-08,1,354.42,354.42,Billetera virtual,Completada
2036,271,2,2025-11-09,1,148.77,148.77,Tarjeta de débito,Completada
2250,225,52,2025-11-09,3,83.1,249.3,Tarjeta de crédito,Completada
242,101,128,2025-11-09,3,121.82,365.46,Tarjeta de crédito,Completada
73,34,103,2025-11-09,3,535.68,1607.04,Tarjeta de crédito,Completada
1694,277,92,2025-11-09,2,96.79,193.58,Transferencia,Completada
2917,254,25,2025-11-09,2,76.75,153.5,Tarjeta de crédito,Completada
1522,103,77,2025-11-09,3,36.9,110.7,Tarjeta de crédito,Completada
435,456,109,2025-11-09,2,34.85,69.7,Tarjeta de crédito,Completada
183,398,100,2025-11-10,4,270.08,1080.32,Billetera virtual,Cancelada
2108,30,48,2025-11-10,3,97.9,293.7,Transferencia,Completada
2124,22,17,2025-11-10,1,111.6,111.6,Transferencia,Completada
140,123,50,2025-11-10,4,169.82,679.28,Tarjeta de débito,Completada
277,134,108,2025-11-10,3,340.46,1021.38,Billetera virtual,Completada
1946,169,84,2025-11-10,1,114.71,114.71,Tarjeta de crédito,Completada
765,41,85,2025-11-11,4,839.71,3358.84,Tarjeta de crédito,Completada
591,228,121,2025-11-11,4,58.56,234.24,Tarjeta de crédito,Completada
2951,131,19,2025-11-11,3,92.82,278.46,Billetera virtual,Completada
980,33,28,2025-11-11,3,170.65,511.95,Tarjeta de crédito,Completada
1792,42,97,2025-11-11,1,578.69,578.69,Tarjeta de crédito,Cancelada
2779,411,13,2025-11-11,2,218.14,436.28,Tarjeta de débito,Completada
2062,375,1,2025-11-11,2,11.53,23.06,Billetera virtual,Completada
295,82,141,2025-11-11,3,608.51,1825.53,Billetera virtual,Completada
1626,36,12,2025-11-11,4,20.02,80.08,Tarjeta de débito,Completada
1036,291,25,2025-11-11,3,76.75,230.25,Tarjeta de crédito,Completada
1921,214,25,2025-11-12,2,76.75,153.5,Tarjeta de crédito,Completada
746,144,85,2025-11-12,2,839.71,1679.42,Tarjeta de crédito,Completada
2251,73,92,2025-11-12,4,96.79,387.16,Transferencia,Completada
1387,457,29,2025-11-12,3,240.3,720.9,Billetera virtual,Completada
2313,277,100,2025-11-12,2,270.08,540.16,Transferencia,Completada
2565,208,43,2025-11-13,2,296.19,592.38,Tarjeta de crédito,Completada
2579,375,68,2025-11-13,2,109.08,218.16,Tarjeta de débito,Completada
1139,130,85,2025-11-13,1,839.71,839.71,Tarjeta de crédito,Completada
1294,329,37,2025-11-13,4,297.6,1190.4,Transferencia,Completada
1444,117,135,2025-11-13,3,167.67,503.01,Tarjeta de crédito,Completada
2211,388,104,2025-11-13,4,85.81,343.24,Transferencia,Completada
27,417,127,2025-11-13,2,354.42,708.84,Tarjeta de débito,Completada
2382,187,43,2025-11-13,3,296.19,888.57,Billetera virtual,Completada
278,144,98,2025-11-13,2,265.91,531.82,Tarjeta de crédito,Completada
805,196,43,2025-11-13,1,296.19,296.19,Tarjeta de crédito,Completada
747,172,94,2025-11-14,4,83.73,334.92,Tarjeta de crédito,Completada
1420,334,121,2025-11-14,3,58.56,175.68,Transferencia,Completada
1419,480,142,2025-11-14,2,641.1,1282.2,Billetera virtual,Completada
1310,28,82,2025-11-14,4,106.99,427.96,Transferencia,Completada
463,411,112,2025-11-15,2,79.2,158.4,Tarjeta de crédito,Completada
1479,139,84,2025-11-15,4,114.71,458.84,Tarjeta de crédito,Completada
946,389,91,2025-11-15,3,1005.99,3017.97,Tarjeta de débito,Completada
692,498,137,2025-11-15,3,245.63,736.89,Tarjeta de débito,Completada
566,432,128,2025-11-15,1,121.82,121.82,Billetera virtual,Cancelada
934,108,6,2025-11-15,2,134.96,269.92,Tarjeta de débito,Completada
2439,357,36,2025-11-15,2,55.34,110.68,Billetera virtual,Completada
453,311,32,2025-11-16,2,50.69,101.38,Tarjeta de débito,Completada
572,397,85,2025-11-16,4,839.71,3358.84,Tarjeta de débito,Completada
2066,37,108,2025-11-16,2,340.46,680.92,Tarjeta de crédito,Completada
1075,155,95,2025-11-16,4,127.07,508.28,Tarjeta de crédito,Completada
120,36,15,2025-11-16,3,75.43,226.29,Transferencia,Completada
2520,283,150,2025-11-16,4,63.38,253.52,Transferencia,Completada
848,354,50,2025-11-16,4,169.82,679.28,Tarjeta de crédito,Completada
2970,219,70,2025-11-17,4,99.49,397.96,Tarjeta de crédito,Completada
1372,233,18,2025-11-17,4,213.72,854.88,Tarjeta de débito,Completada
165,470,127,2025-11-18,1,354.42,354.42,Tarjeta de crédito,Completada
2924,250,137,2025-11-18,2,245.63,491.26,Tarjeta de crédito,Completada
2704,60,121,2025-11-18,1,58.56,58.56,Billetera virtual,Completada
2693,66,47,2025-11-18,2,63.67,127.34,Transferencia,Completada
538,202,131,2025-11-19,2,114.24,228.48,Transferencia,Completada
1196,467,135,2025-11-19,2,167.67,335.34,Tarjeta de crédito,Completada
736,242,85,2025-11-19,2,839.71,1679.42,Tarjeta de crédito,Completada
2191,181,131,2025-11-20,4,114.24,456.96,Tarjeta de crédito,Completada
1678,362,36,2025-11-20,4,55.34,221.36,Tarjeta de débito,Completada
1611,148,98,2025-11-20,2,265.91,531.82,Tarjeta de débito,Completada
2905,15,118,2025-11-20,3,34.12,102.36,Billetera virtual,Completada
495,346,145,2025-11-20,2,1036.09,2072.18,Tarjeta de débito,Completada
849,271,120,2025-11-20,4,206.18,824.72,Tarjeta de crédito,Completada
2893,70,76,2025-11-20,2,111.18,222.36,Tarjeta de crédito,Cancelada
2758,456,14,2025-11-20,3,84.17,252.51,Transferencia,Completada
770,490,126,2025-11-20,4,130.81,523.24,Transferencia,Completada
649,51,122,2025-11-21,2,140.01,280.02,Tarjeta de crédito,Completada
2470,268,35,2025-11-21,1,840.54,840.54,Billetera virtual,Completada
2404,488,93,2025-11-21,1,260.51,260.51,Billetera virtual,Completada
1713,462,40,2025-11-22,1,130.98,130.98,Transferencia,Completada
1618,423,149,2025-11-22,1,163.12,163.12,Billetera virtual,Completada
2346,235,61,2025-11-22,1,52.25,52.25,Tarjeta de crédito,Completada
2512,401,97,2025-11-22,2,578.69,1157.38,Transferencia,Completada
1939,289,136,2025-11-22,1,355.5,355.5,Transferencia,Completada
338,359,79,2025-11-23,2,409.24,818.48,Tarjeta de débito,Completada
2527,249,57,2025-11-23,1,34.93,34.93,Tarjeta de crédito,Completada
1493,178,105,2025-11-23,1,61.73,61.73,Tarjeta de débito,Completada
2860,89,39,2025-11-23,4,459.22,1836.88,Billetera virtual,Completada
669,334,75,2025-11-23,3,142.36,427.08,Tarjeta de crédito,Completada
2503,27,54,2025-11-23,4,159.61,638.44,Transferencia,Completada
2643,462,4,2025-11-24,1,87.74,87.74,Tarjeta de crédito,Completada
1532,164,142,2025-11-24,3,641.1,1923.3,Billetera virtual,Completada
1748,385,62,2025-11-24,1,127.13,127.13,Tarjeta de crédito,Completada
2443,354,123,2025-11-24,3,78.6,235.8,Billetera virtual,Completada
691,360,92,2025-11-25,3,96.79,290.37,Transferencia,Completada
1129,7,63,2025-11-25,3,41.74,125.22,Transferencia,Completada
1844,96,147,2025-11-25,1,907.87,907.87,Transferencia,Completada
2151,182,40,2025-11-26,1,130.98,130.98,Tarjeta de crédito,Completada
2307,346,66,2025-11-26,1,256.07,256.07,Tarjeta de crédito,Completada
454,191,116,2025-11-26,1,112.36,112.36,Transferencia,Completada
1758,141,76,2025-11-26,4,111.18,444.72,Transferencia,Completada
2901,361,91,2025-11-26,4,1005.99,4023.96,Tarjeta de crédito,Completada
2708,360,143,2025-11-26,1,248.99,248.99,Transferencia,Completada
1507,397,85,2025-11-26,3,839.71,2519.13,Tarjeta de crédito,Completada
88,297,41,2025-11-26,4,165.53,662.12,Tarjeta de crédito,Completada
1246,35,71,2025-11-26,1,98.46,98.46,Tarjeta de débito,Completada
1636,59,94,2025-11-27,2,83.73,167.46,Tarjeta de débito,Completada
2854,304,73,2025-11-27,2,62.82,125.64,Tarjeta de débito,Completada
704,252,63,2025-11-27,4,41.74,166.96,Transferencia,Completada
835,226,85,2025-11-27,4,839.71,3358.84,Tarjeta de crédito,Completada
2897,407,121,2025-11-27,4,58.56,234.24,Billetera virtual,Completada
643,44,24,2025-11-27,4,231.71,926.84,Transferencia,Cancelada
2170,405,121,2025-11-28,3,58.56,175.68,Tarjeta de crédito,Completada
2607,272,126,2025-11-28,1,130.81,130.81,Tarjeta de débito,Completada
2290,202,41,2025-11-28,1,165.53,165.53,Billetera virtual,Completada
2514,308,145,2025-11-28,4,1036.09,4144.36,Tarjeta de débito,Completada
70,301,43,2025-11-28,2,296.19,592.38,Tarjeta de débito,Completada
997,101,66,2025-11-29,1,256.07,256.07,Tarjeta de crédito,Completada
123,96,10,2025-11-29,1,146.44,146.44,Tarjeta de crédito,Completada
2184,377,149,2025-11-29,4,163.12,652.48,Tarjeta de débito,Completada
2028,500,89,2025-11-29,4,149.38,597.52,Tarjeta de crédito,Completada
2204,362,138,2025-11-29,2,10.96,21.92,Transferencia,Completada
731,473,110,2025-11-29,3,124.7,374.1,Billetera virtual,Completada
239,416,41,2025-11-30,3,165.53,496.59,Billetera virtual,Completada
2890,182,32,2025-11-30,4,50.69,202.76,Tarjeta de crédito,Completada
1285,291,8,2025-11-30,1,129.5,129.5,Tarjeta de débito,Completada
2995,270,150,2025-11-30,2,63.38,126.76,Tarjeta de crédito,Completada
457,318,24,2025-12-01,1,231.71,231.71,Tarjeta de débito,Completada
2183,184,60,2025-12-01,4,176.61,706.44,Transferencia,Completada
1393,244,30,2025-12-01,3,221.66,664.98,Tarjeta de débito,Completada
1466,415,90,2025-12-01,3,52.39,157.17,Billetera virtual,Completada
1609,121,132,2025-12-01,3,139.77,419.31,Tarjeta de crédito,Completada
2222,448,97,2025-12-01,3,578.69,1736.07,Tarjeta de crédito,Completada
1013,283,147,2025-12-01,2,907.87,1815.74,Tarjeta de débito,Completada
1323,462,4,2025-12-01,2,87.74,175.48,Transferencia,Completada
2611,184,27,2025-12-01,3,53.58,160.74,Tarjeta de débito,Completada
693,409,80,2025-12-01,4,79.9,319.6,Tarjeta de crédito,Completada
2031,115,91,2025-12-01,4,1005.99,4023.96,Tarjeta de débito,Completada
2397,141,64,2025-12-02,3,97.83,293.49,Tarjeta de débito,Completada
1374,69,32,2025-12-02,3,50.69,152.07,Billetera virtual,Completada
1914,413,143,2025-12-03,3,248.99,746.97,Billetera virtual,Completada
1385,93,75,2025-12-03,2,142.36,284.72,Tarjeta de crédito,Completada
1305,89,148,2025-12-03,1,273.49,273.49,Billetera virtual,Completada
1824,266,110,2025-12-03,1,124.7,124.7,Billetera virtual,Completada
1840,302,46,2025-12-03,4,458.9,1835.6,Billetera virtual,Completada
415,147,64,2025-12-04,4,97.83,391.32,Tarjeta de débito,Completada
2457,412,97,2025-12-04,2,578.69,1157.38,Billetera virtual,Completada
1700,61,31,2025-12-04,1,72.17,72.17,Billetera virtual,Completada
1161,208,41,2025-12-04,4,165.53,662.12,Transferencia,Completada
537,417,111,2025-12-04,4,312.56,1250.24,Transferencia,Completada
1986,203,45,2025-12-04,3,85.76,257.28,Billetera virtual,Completada
2585,10,106,2025-12-04,3,923.88,2771.64,Tarjeta de crédito,Completada
293,355,90,2025-12-04,2,52.39,104.78,Transferencia,Completada
2364,320,115,2025-12-05,2,384.44,768.88,Tarjeta de débito,Completada
2728,54,130,2025-12-05,4,68.82,275.28,Transferencia,Completada
444,50,128,2025-12-05,2,121.82,243.64,Transferencia,Completada
1175,327,119,2025-12-05,4,350.27,1401.08,Tarjeta de crédito,Completada
846,144,11,2025-12-05,1,221.91,221.91,Billetera virtual,Completada
1763,307,84,2025-12-06,3,114.71,344.13,Tarjeta de crédito,Completada
728,226,9,2025-12-06,1,280.94,280.94,Tarjeta de débito,Completada
965,299,36,2025-12-06,3,55.34,166.02,Billetera virtual,Completada
2790,45,94,2025-12-07,1,83.73,83.73,Transferencia,Completada
2107,1,79,2025-12-07,1,409.24,409.24,Tarjeta de crédito,Completada
1646,40,80,2025-12-07,1,79.9,79.9,Tarjeta de débito,Completada
190,402,47,2025-12-07,4,63.67,254.68,Billetera virtual,Completada
1008,174,113,2025-12-07,4,261.05,1044.2,Tarjeta de crédito,Completada
2746,107,83,2025-12-07,3,37.39,112.17,Tarjeta de crédito,Completada
1038,252,141,2025-12-07,2,608.51,1217.02,Tarjeta de débito,Completada
2111,28,32,2025-12-07,3,50.69,152.07,Tarjeta de crédito,Cancelada
2127,142,9,2025-12-07,2,280.94,561.88,Transferencia,Completada
1220,76,6,2025-12-08,1,134.96,134.96,Tarjeta de crédito,Completada
1932,289,105,2025-12-08,3,61.73,185.19,Tarjeta de débito,Completada
259,373,11,2025-12-08,2,221.91,443.82,Tarjeta de débito,Completada
2957,446,62,2025-12-08,3,127.13,381.39,Tarjeta de débito,Cancelada
1005,356,147,2025-12-09,3,907.87,2723.61,Tarjeta de crédito,Completada
609,208,140,2025-12-09,3,580.95,1742.85,Tarjeta de débito,Cancelada
2099,281,50,2025-12-09,1,169.82,169.82,Billetera virtual,Completada
2858,480,85,2025-12-09,2,839.71,1679.42,Tarjeta de crédito,Completada
1019,205,25,2025-12-10,4,76.75,307.0,Tarjeta de débito,Completada
2543,76,4,2025-12-10,1,87.74,87.74,Tarjeta de crédito,Completada
666,87,95,2025-12-10,2,127.07,254.14,Tarjeta de débito,Completada
759,298,60,2025-12-10,4,176.61,706.44,Tarjeta de crédito,Completada
2759,79,3,2025-12-10,4,292.23,1168.92,Transferencia,Completada
2940,33,75,2025-12-11,3,142.36,427.08,Tarjeta de crédito,Completada
2587,293,120,2025-12-11,3,206.18,618.54,Tarjeta de crédito,Completada
2773,99,90,2025-12-11,1,52.39,52.39,Tarjeta de crédito,Cancelada
1087,13,119,2025-12-11,1,350.27,350.27,Transferencia,Completada
71,492,29,2025-12-12,1,240.3,240.3,Tarjeta de débito,Completada
857,216,131,2025-12-12,3,114.24,342.72,Tarjeta de crédito,Completada
1517,257,47,2025-12-12,1,63.67,63.67,Tarjeta de crédito,Completada
1061,438,92,2025-12-12,1,96.79,96.79,Tarjeta de débito,Completada
177,480,116,2025-12-12,2,112.36,224.72,Transferencia,Completada
1319,262,63,2025-12-12,3,41.74,125.22,Tarjeta de débito,Completada
611,231,127,2025-12-12,2,354.42,708.84,Billetera virtual,Completada
377,387,131,2025-12-13,1,114.24,114.24,Transferencia,Completada
2441,11,141,2025-12-13,4,608.51,2434.04,Tarjeta de crédito,Cancelada
1970,133,75,2025-12-13,4,142.36,569.44,Billetera virtual,Completada
2407,396,32,2025-12-13,2,50.69,101.38,Tarjeta de débito,Completada
2016,375,128,2025-12-13,3,121.82,365.46,Tarjeta de crédito,Completada
1990,249,58,2025-12-13,1,112.95,112.95,Tarjeta de crédito,Completada
2703,405,28,2025-12-14,1,170.65,170.65,Transferencia,Completada
2548,250,74,2025-12-14,1,650.9,650.9,Tarjeta de crédito,Completada
2541,412,111,2025-12-15,3,312.56,937.68,Billetera virtual,Cancelada
312,214,36,2025-12-15,2,55.34,110.68,Billetera virtual,Completada
690,62,149,2025-12-15,1,163.12,163.12,Tarjeta de crédito,Cancelada
1042,225,117,2025-12-15,3,553.19,1659.57,Tarjeta de débito,Completada
128,446,85,2025-12-16,3,839.71,2519.13,Billetera virtual,Completada
1664,419,100,2025-12-16,4,270.08,1080.32,Billetera virtual,Completada
1705,174,50,2025-12-16,3,169.82,509.46,Tarjeta de crédito,Completada
72,407,11,2025-12-16,2,221.91,443.82,Transferencia,Cancelada
2913,449,82,2025-12-16,1,106.99,106.99,Tarjeta de débito,Completada
171,173,122,2025-12-17,1,140.01,140.01,Tarjeta de crédito,Completada
2003,94,21,2025-12-17,2,441.16,882.32,Tarjeta de crédito,Completada
2437,365,136,2025-12-17,2,355.5,711.0,Tarjeta de débito,Completada
2450,176,17,2025-12-17,4,111.6,446.4,Transferencia,Completada
627,313,83,2025-12-17,2,37.39,74.78,Tarjeta de crédito,Completada
603,316,145,2025-12-17,3,1036.09,3108.27,Tarjeta de débito,Completada
536,201,2,2025-12-18,1,148.77,148.77,Tarjeta de débito,Cancelada
2906,346,36,2025-12-19,3,55.34,166.02,Tarjeta de crédito,Cancelada
2071,496,82,2025-12-19,3,106.99,320.97,Tarjeta de débito,Completada
556,178,134,2025-12-19,2,24.19,48.38,Tarjeta de crédito,Completada
2732,457,30,2025-12-19,4,221.66,886.64,Tarjeta de crédito,Completada
2479,268,72,2025-12-19,1,91.98,91.98,Tarjeta de crédito,Completada
912,10,76,2025-12-19,1,111.18,111.18,Tarjeta de débito,Completada
2359,182,123,2025-12-19,2,78.6,157.2,Tarjeta de crédito,Completada
362,74,122,2025-12-20,1,140.01,140.01,Tarjeta de débito,Completada
1883,360,36,2025-12-20,4,55.34,221.36,Tarjeta de crédito,Completada
2484,416,108,2025-12-20,1,340.46,340.46,Billetera virtual,Cancelada
1920,240,100,2025-12-20,3,270.08,810.24,Tarjeta de crédito,Completada
1456,252,101,2025-12-20,1,27.42,27.42,Tarjeta de débito,Completada
1137,291,38,2025-12-21,4,93.08,372.32,Tarjeta de crédito,Completada
226,178,2,2025-12-21,4,148.77,595.08,Tarjeta de crédito,Completada
2510,115,143,2025-12-21,3,248.99,746.97,Tarjeta de crédito,Completada
1519,319,8,2025-12-21,1,129.5,129.5,Tarjeta de débito,Completada
1273,380,41,2025-12-21,4,165.53,662.12,Tarjeta de débito,Completada
551,256,10,2025-12-21,2,146.44,292.88,Tarjeta de crédito,Completada
176,212,92,2025-12-21,2,96.79,193.58,Tarjeta de crédito,Completada
1358,197,78,2025-12-22,4,273.68,1094.72,Transferencia,Completada
1017,453,42,2025-12-22,1,136.43,136.43,Tarjeta de crédito,Completada
32,127,123,2025-12-22,2,78.6,157.2,Transferencia,Completada
2783,362,115,2025-12-22,1,384.44,384.44,Tarjeta de crédito,Completada
2318,345,124,2025-12-22,2,37.77,75.54,Tarjeta de débito,Completada
1616,244,47,2025-12-23,3,63.67,191.01,Transferencia,Completada
1624,471,70,2025-12-23,1,99.49,99.49,Tarjeta de crédito,Completada
231,325,18,2025-12-23,1,213.72,213.72,Billetera virtual,Completada
1910,182,129,2025-12-23,1,128.49,128.49,Tarjeta de débito,Completada
917,134,104,2025-12-23,3,85.81,257.43,Billetera virtual,Completada
2562,84,136,2025-12-24,3,355.5,1066.5,Transferencia,Completada
1,145,110,2025-12-24,4,124.7,498.8,Tarjeta de crédito,Completada
571,18,79,2025-12-24,2,409.24,818.48,Transferencia,Completada
2847,236,91,2025-12-24,2,1005.99,2011.98,Tarjeta de crédito,Completada
1660,48,53,2025-12-24,3,317.15,951.45,Tarjeta de débito,Completada
1638,96,16,2025-12-24,2,188.57,377.14,Transferencia,Completada
943,340,14,2025-12-24,4,84.17,336.68,Tarjeta de débito,Completada
1430,111,88,2025-12-24,1,53.48,53.48,Tarjeta de débito,Completada
1033,13,53,2025-12-24,3,317.15,951.45,Tarjeta de crédito,Completada
2614,412,101,2025-12-24,3,27.42,82.26,Transferencia,Completada
1258,318,124,2025-12-24,4,37.77,151.08,Tarjeta de débito,Completada
1240,249,33,2025-12-24,4,193.34,773.36,Tarjeta de débito,Cancelada
1945,341,96,2025-12-25,1,89.93,89.93,Tarjeta de débito,Completada
995,401,73,2025-12-25,1,62.82,62.82,Transferencia,Completada
1113,141,147,2025-12-25,4,907.87,3631.48,Tarjeta de crédito,Completada
269,219,35,2025-12-25,4,840.54,3362.16,Tarjeta de débito,Completada
2575,423,140,2025-12-25,3,580.95,1742.85,Billetera virtual,Completada
1286,223,142,2025-12-25,2,641.1,1282.2,Tarjeta de débito,Completada
2245,210,150,2025-12-25,2,63.38,126.76,Tarjeta de crédito,Completada
2555,390,123,2025-12-26,1,78.6,78.6,Transferencia,Completada
1917,240,115,2025-12-27,2,384.44,768.88,Tarjeta de crédito,Completada
1692,48,5,2025-12-27,4,320.02,1280.08,Tarjeta de crédito,Cancelada
1941,5,78,2025-12-27,3,273.68,821.04,Tarjeta de crédito,Completada
2262,194,8,2025-12-28,4,129.5,518.0,Tarjeta de crédito,Completada
513,90,131,2025-12-28,3,114.24,342.72,Tarjeta de crédito,Completada
2588,487,29,2025-12-28,4,240.3,961.2,Tarjeta de crédito,Completada
185,250,94,2025-12-28,3,83.73,251.19,Tarjeta de crédito,Cancelada
1848,402,25,2025-12-28,3,76.75,230.25,Tarjeta de crédito,Completada
1662,220,104,2025-12-28,4,85.81,343.24,Billetera virtual,Completada
479,304,42,2025-12-29,4,136.43,545.72,Transferencia,Cancelada
1127,188,71,2025-12-29,2,98.46,196.92,Billetera virtual,Cancelada
40,53,134,2025-12-29,3,24.19,72.57,Transferencia,Cancelada
2461,369,43,2025-12-29,2,296.19,592.38,Tarjeta de crédito,Completada
1062,408,12,2025-12-29,2,20.02,40.04,Tarjeta de crédito,Completada
885,141,56,2025-12-29,2,1008.65,2017.3,Transferencia,Completada
2478,190,119,2025-12-29,3,350.27,1050.81,Tarjeta de crédito,Completada
205,484,106,2025-12-30,2,923.88,1847.76,Tarjeta de crédito,Completada
1785,289,37,2025-12-30,3,297.6,892.8,Tarjeta de débito,Completada
1505,22,92,2025-12-30,2,96.79,193.58,Transferencia,Completada
2209,35,124,2025-12-30,4,37.77,151.08,Transferencia,Completada
2348,289,97,2025-12-30,1,578.69,578.69,Tarjeta de crédito,Cancelada
1095,299,118,2025-12-30,3,34.12,102.36,Billetera virtual,Completada
739,342,105,2025-12-30,3,61.73,185.19,Transferencia,Completada
2849,173,144,2025-12-30,1,46.23,46.23,Tarjeta de débito,Completada
2249,202,146,2025-12-30,3,183.15,549.45,Tarjeta de débito,Completada
